loan_member_id,ssn_last_4,borrower_name,home_address,city,state,postal_code,phone_number,loan_amount,loan_type,interest_rate,term_months,application_date
LN_547510,2233,Allen Gutierrez,026 Carey Springs Suite 584,West Jeremyland,OH,70156-5816,(+19) 864-5852,26464,AUTO,7.9,360,2010-10-02
LN_662192,8733,Miranda Stevens,6540 White Knolls Suite 075,Cynthiaville,WV,47325-7955,(001) 608-7632,65077,MORTGAGE,4.64,36,2022-11-26
LN_671651,6994,Jonathan Smith,319 Villa Causeway,Castrobury,WV,02479-7404,(739) 700-3432,74622,PERSONAL,4.97,60,2015-02-13
LN_466030,7181,Barbara Wilson,734 Natalie Canyon,East Diane,OH,55366-6711,(925) 397-2055,74630,MORTGAGE,5.26,60,2017-08-26
LN_878898,4944,Kevin Lopez,03630 Bennett Isle Suite 250,Austinland,WV,18873-3455,(852) .28-8.89,21604,PERSONAL,8.01,360,2012-02-01
LN_916304,5045,Chris Russell,601 Brown Groves Apt. 401,East Philipstad,OH,45349-2152,(964) .97-5.66,25022,AUTO,4.19,72,2017-02-03
LN_893920,7269,Theresa Sanders,32645 Stephanie Landing,Walkertown,PA,80689-7193,(001) 407-4406,67336,PERSONAL,5.69,72,2012-06-21
LN_603879,6850,Julie Y. Morris,085 Sandra Mountains Suite 911,New Eric,PA,18129-3557,(869) .56-4.93,59442,PERSONAL,5.45,72,2021-04-23
LN_859866,9384,Victoria T. Young,953 Walter Shore Apt. 644,New Stacyburgh,OH,82551-6964,(+14) 689-7056,31895,HELOC,8.08,48,2012-10-04
LN_709621,3739,Nicole Ramirez,9769 Blanchard Freeway,Hughesview,PA,72053-9501,(368) .69-9.69,28422,HELOC,7.84,72,2011-03-03
LN_889698,7554,Tina Silva,749 Jennifer Prairie,Jacksonfurt,PA,19870-6921,(+19) 302-9130,37124,PERSONAL,4.69,72,2017-10-08
LN_134431,6934,Daniel Buchanan,327 Fox Plaza,Port Christophermouth,PA,80590-9323,(406) 930-4165,22480,HELOC,4.17,360,2012-02-20
LN_871370,1810,Andrew H. Garcia,93970 Paul Light,New Garrett,OH,01079-6034,(915) .84-8.18,15015,MORTGAGE,4.92,72,2023-03-25
LN_225599,1805,Caleb B. Mitchell,47891 Thomas Ridges,Hernandezchester,PA,77588-8258,(+12) 992-4981,28779,AUTO,7.0,60,2021-08-28
LN_112268,8949,Jason Singh,62282 Michael Creek Apt. 073,Richardstad,WV,35258-3741,(+18) 504-0507,8498,AUTO,4.06,360,2011-12-23
LN_748319,6550,Elizabeth Vega,5598 Allen Harbor,New Patrick,WV,14442-6599,(391) 709-3371,63796,HELOC,7.84,60,2012-11-24
LN_930083,4914,Daniel A. Lopez,93500 Daniel Isle Suite 617,Kristinhaven,WV,94269-1016,(001) 208-6038,45282,PERSONAL,3.62,360,2016-05-15
LN_388932,7245,Jay Obrien,36929 Cindy Pass Suite 257,East Nicholasberg,OH,14731-2324,(938) 286-2912,19264,AUTO,8.06,180,2018-09-07
LN_817428,6346,Scott Beck,614 Tara Cliff,Anthonyshire,WV,03314-2341,(944) 549-6252,29677,HELOC,6.8,48,2016-08-18
LN_413712,1940,David D. Miller,593 Ashley Estates,Dukehaven,PA,98189-7918,(001) 928-6815,69280,HELOC,5.37,36,2018-09-27
LN_225587,4781,Lindsey Morris,9653 Sandra Causeway Suite 700,Alexbury,OH,02152-3367,(001) 445-3418,33626,PERSONAL,3.64,36,2022-02-17
LN_656188,2755,Maxwell Friedman,2361 Parrish Track,South Mariabury,PA,86039-8380,(607) .22-7.42,63665,HELOC,5.09,180,2024-03-29
LN_456197,3050,Lynn Bowers,0612 Lucero Oval Suite 342,North Amberbury,OH,81396-9026,(+18) 896-3903,74039,AUTO,4.08,36,2022-01-29
LN_911529,7814,Nancy Lee,702 Johnson Via Apt. 986,Gonzalezhaven,OH,40915-9665,(001) 764-4844,20880,AUTO,8.32,36,2016-11-02
LN_410005,9343,Renee Johnson,393 Miranda Mission Suite 004,South Bill,WV,67973-1684,(596) .25-4.89,70290,HELOC,7.35,48,2017-04-02
LN_539124,9459,Bradley Gonzales,021 Elizabeth Valley Suite 938,Port Paulhaven,WV,55371-4051,(+14) 793-3741,7297,AUTO,4.98,360,2022-09-21
LN_111402,8406,James Williams,12815 Kelley Plaza Suite 027,Jeffreyshire,OH,73474-6841,(001) 821-5492,54909,HELOC,4.42,180,2013-10-31
LN_286221,1972,Brittany Camacho,7443 Cesar Underpass Suite 115,East Lori,OH,36759-1983,(001) 272-2969,14357,MORTGAGE,7.3,72,2015-02-13
LN_634266,1682,Robert Murphy,6504 Martinez Plaza,North Benjamin,PA,78084-5436,(001) 654-8288,60097,HELOC,4.23,36,2017-05-06
LN_661222,2561,Ashley Andrews,64090 Wall Heights Apt. 953,New John,PA,99536-1565,(001) 821-4047,12583,MORTGAGE,7.2,360,2018-07-23
LN_666598,4679,Nathan Gonzalez,230 Jeanette Center,Cherylhaven,WV,56060-8690,(537) 421-8600,21424,MORTGAGE,8.2,72,2017-04-18
LN_567293,1465,Erica V. Phillips,99495 Smith Point Suite 546,Ryanstad,OH,26503-8821,(370) 287-3002,68499,HELOC,8.22,180,2016-04-18
LN_682513,8696,Allison Larson,708 Arellano Common Apt. 145,Jaimemouth,WV,52477-4891,(831) 413-8850,46823,PERSONAL,5.13,180,2017-06-16
LN_152794,8762,Thomas B. Carter,4134 Darrell Ridge Apt. 936,Lake Markchester,OH,24355-4538,(001) 375-4193,11366,MORTGAGE,5.24,60,2017-10-09
LN_600646,4239,Michael Davis,0636 Charles River,West Anthonyport,PA,05934-2519,(751) 917-4711,8488,AUTO,4.68,180,2024-11-16
LN_336789,7616,Amy S. Dunn,03142 Kathy Junction,New Katieside,OH,61488-8610,(217) .39-4.15,17284,AUTO,8.37,60,2022-10-28
LN_654893,1509,Cynthia Keller,142 Smith Avenue Apt. 137,Jameshaven,PA,36050-4851,(510) .97-3.82,47036,MORTGAGE,8.29,48,2021-07-20
LN_383030,5303,Caitlin Thompson,36808 Jarvis Shore Suite 443,Taylorville,PA,26506-7567,(367) 276-3831,26567,PERSONAL,7.72,180,2022-03-01
LN_810460,5493,Karen Reynolds,20994 Timothy Valley,Jasontown,WV,37583-4423,(+17) 052-3198,62816,HELOC,4.12,180,2016-10-15
LN_709296,2215,Tracy V. Davidson,16923 Krueger Trail Suite 875,Lake Paulchester,OH,96925-1965,(937) .40-5.02,8217,HELOC,5.16,72,2012-05-06
LN_668937,5097,Kim Tucker,2834 Jessica Brook,Port Bonniefurt,WV,77838-6352,(808) .54-8.87,72810,HELOC,4.88,48,2016-07-18
LN_402657,6863,Mary Reyes,380 Thomas Street Suite 861,New Julieland,WV,74688-8289,(583) 744-0260,45710,HELOC,4.19,180,2016-03-19
LN_783801,4318,Joann Todd,57432 Harris Camp,Lake Carly,PA,58661-9902,(001) 552-5450,73746,HELOC,5.14,180,2022-08-14
LN_239027,9678,Julie Mccarthy,28538 Lopez Court Apt. 505,West John,PA,69898-6406,(280) .25-8.26,37459,AUTO,7.49,72,2013-01-20
LN_224964,3009,Manuel Lopez,934 Kelly Mill Suite 583,West Gregory,PA,88191-8183,(+17) 706-6406,15554,HELOC,7.53,72,2018-02-21
LN_923455,7480,Jennifer X. Roman,85595 April Forge Suite 456,North Stevenborough,WV,80256-9726,(910) 617-5900,16247,MORTGAGE,4.45,360,2013-04-07
LN_912044,1529,Zachary Burnett,29015 Steven Flat Apt. 671,North Steven,WV,30541-5034,(210) 245-8474,26317,MORTGAGE,3.77,36,2020-09-27
LN_325483,3425,Sylvia Hayes,626 Mitchell Fort,Kaylastad,OH,74955-9865,(760) 243-5983,19938,AUTO,3.76,72,2025-02-01
LN_714405,2882,Mark Madden,39740 Gabrielle Harbors,East Sarahmouth,WV,02553-4490,(892) .76-1.42,13639,HELOC,8.16,60,2021-06-16
LN_947415,9061,Michael C. Love,3160 Maria Keys,East Haleymouth,OH,02547-1888,(832) 670-5241,40617,HELOC,7.3,36,2016-07-17
LN_633058,2987,Karen Miller,63572 Mcdonald Vista Apt. 985,Cannonfurt,OH,87076-4415,(001) 285-2007,5299,MORTGAGE,8.29,60,2019-02-14
LN_191912,8814,Miguel Campos,7243 Steven Cliffs Suite 656,South Benjamin,WV,33348-5133,(525) 977-7118,71961,HELOC,8.14,360,2013-02-25
LN_110559,8074,Kenneth P. Young,39726 Rogers Key Suite 690,Christopherberg,OH,47134-2713,(+14) 095-5636,27578,PERSONAL,4.92,180,2025-06-21
LN_692254,9633,Janice Graham,75877 Rodriguez Stravenue Apt. 151,Port Justin,PA,22559-1924,(001) 584-9993,43009,MORTGAGE,8.17,36,2025-04-25
LN_638309,1644,Nicole Santos,86244 Brennan Knoll Suite 311,Lake Charles,WV,71752-3169,(001) 707-6828,30551,PERSONAL,3.91,60,2016-08-12
LN_861610,4516,Joseph Daniel,0077 Laurie Run,Welchville,OH,96968-5358,(883) 517-3499,23180,HELOC,6.59,72,2022-01-05
LN_515611,2636,Madison Johnson,206 Stephen Fork Suite 595,West Davidmouth,OH,50149-7404,(001) 716-5629,37127,HELOC,8.11,48,2022-09-26
LN_269951,2673,Kayla E. Randolph,6493 John Isle,Heatherside,OH,28103-8977,(483) .43-3.14,19824,HELOC,8.31,48,2017-02-12
LN_547336,1484,Daryl M. Gray,1155 Costa Corners,Lake Justin,OH,92858-8023,(475) 400-0458,46144,PERSONAL,6.23,180,2020-10-27
LN_687914,8762,Charles A. Nolan,5475 Lyons Port,Brookeberg,PA,19902-7408,(640) .43-5.95,30779,HELOC,3.67,48,2014-06-15
LN_315555,7396,Elizabeth Peterson,28422 Hubbard Parks,Lake Davidbury,WV,82659-5761,(237) 774-3403,51716,PERSONAL,5.24,72,2022-09-12
LN_425912,2625,Rick Y. Wright,53026 Jodi Hollow Apt. 257,Smithfurt,PA,68256-8199,(205) 406-3066,16541,PERSONAL,6.59,36,2019-12-15
LN_202769,1424,Rebecca Q. Richardson,521 Cooley Fords,North John,OH,00898-9472,(+17) 587-7892,23174,AUTO,8.28,360,2011-06-04
LN_138842,8578,Jacob Mcgrath,321 Brian Lock Apt. 498,Donaldton,WV,61068-9881,(+16) 663-9978,66795,AUTO,4.93,180,2010-10-20
LN_496283,7765,Alyssa Nelson,935 Ross Skyway Apt. 812,West Marie,PA,85082-4228,(836) .20-6.20,74559,AUTO,4.25,180,2011-01-28
LN_201838,4938,Brandon Gardner,32803 Heather Flats Apt. 614,Theresaville,PA,62071-8268,(001) 321-3651,15229,HELOC,5.25,72,2024-11-06
LN_518942,5266,Willie Hernandez,9790 Trevor Station,Morganstad,PA,79123-8167,(784) 896-7416,56404,AUTO,6.6,180,2019-05-22
LN_179052,2889,Adam Jones,87163 Brittany Station,South Christopher,WV,12964-8675,(299) .33-8.19,32956,MORTGAGE,7.86,72,2021-10-05
LN_775298,5299,Stephen Houston,2120 Dale Ramp Suite 972,Maxwelltown,OH,90215-8563,(001) 527-7716,19710,AUTO,8.28,36,2015-10-13
LN_205872,8866,Billy Lucas,11601 James Junctions Apt. 995,North Cody,OH,97776-1854,(+12) 548-2401,47315,AUTO,8.01,72,2018-07-04
LN_862377,9183,Renee Kelly,676 Larry Divide,Troyton,PA,41033-6259,(952) 877-0354,50769,PERSONAL,5.27,48,2011-05-06
LN_450546,8506,Christina Singh,4116 Howell Route,Port Patrick,WV,35193-9829,(001) 675-6575,57721,PERSONAL,6.77,360,2011-12-30
LN_903925,3241,Matthew Y. Bradford,1216 Powell Avenue,Williamstown,WV,50058-8756,(558) 797-8242,64603,PERSONAL,4.83,360,2015-01-06
LN_382741,7892,Tara Stanley,456 Mclean Orchard Apt. 541,Santosfurt,WV,51696-2408,(345) 868-9391,60699,PERSONAL,7.68,360,2024-10-14
LN_536940,6151,April Collins,272 Smith Valleys Apt. 208,Beckland,OH,40372-9207,(+18) 605-5190,72129,PERSONAL,8.46,72,2025-06-03
LN_455498,7881,Scott Smith,7836 Bethany Common,Pennyside,OH,41661-3835,(472) 444-4723,31390,AUTO,4.73,48,2020-11-11
LN_379444,6959,Crystal Poole,65094 Robert Divide Suite 724,New Catherineburgh,WV,73854-2591,(+13) 709-1321,60937,MORTGAGE,5.84,36,2021-05-01
LN_541141,1927,Jasmine White,241 Lisa Circle,Nunezbury,PA,24726-1339,(001) 636-6540,33754,HELOC,4.03,72,2020-12-28
LN_710235,2916,Mark Castillo,67349 Brown Centers Suite 485,Mcleanville,WV,62346-7478,(515) 362-2949,5084,AUTO,7.41,60,2022-01-14
LN_347626,2856,Robert Y. Cline,7390 Howard Route Suite 362,East Christopher,WV,82670-6748,(512) .91-0.81,49690,MORTGAGE,5.86,360,2010-12-26
LN_921317,4911,Joshua Madden,11823 Christine Glen Suite 461,Susanmouth,OH,74556-4202,(934) .21-0.16,40674,PERSONAL,6.27,48,2020-04-08
LN_908793,6525,Katherine Herrera,80072 Moore Alley Apt. 472,South Jason,OH,55547-1992,(707) 383-0830,54760,HELOC,8.28,48,2013-08-30
LN_572735,6716,Brandon Watson,77601 Jeffrey Loaf,West Megan,WV,48721-1803,(900) 603-6685,21683,PERSONAL,6.74,180,2025-07-02
LN_107941,7350,Makayla Rogers,4988 Christine Pike Apt. 825,West Mikayla,OH,28698-3009,(393) 953-5215,73744,AUTO,5.93,60,2016-11-23
LN_361462,5829,Heather Huff,72291 Price Place Apt. 361,Cynthiastad,OH,40308-4918,(602) 691-9565,30795,AUTO,3.57,48,2022-09-18
LN_728120,3756,Christopher Walker,136 Kathleen Causeway Apt. 529,Jensenside,PA,48737-2303,(462) 311-6700,54508,AUTO,7.16,72,2016-04-04
LN_339716,2734,Scott B. Gonzalez,57036 Carroll Landing,West Timothy,WV,65053-4439,(001) 327-9929,19348,PERSONAL,5.88,360,2017-10-18
LN_254731,7427,Kathryn Stephens,86965 Mccoy Village Apt. 087,Garciaberg,WV,25442-7237,(659) .25-1.43,74224,PERSONAL,6.48,48,2010-08-11
LN_268547,8904,Jeremiah Koch,2131 Howard Ridges,Davidland,WV,06182-6373,(+16) 227-6859,39732,MORTGAGE,4.69,72,2024-08-03
LN_109406,8388,Michael Hernandez,03157 Smith Key Apt. 124,Katherinefort,WV,57866-5322,(+12) 363-3509,24471,PERSONAL,7.87,72,2016-10-27
LN_772711,7869,Melissa P. Bentley,471 Alvarez Islands,Snowtown,WV,72006-7325,(510) 730-2212,14103,MORTGAGE,8.41,72,2018-04-11
LN_342289,3615,Amanda Stephens,20465 Nguyen Island Suite 636,South James,PA,93041-7297,(+16) 134-9222,61562,AUTO,4.53,36,2025-03-04
LN_128205,6550,Mike C. Sutton,2563 Erickson Street,Charlesside,PA,08201-7493,(653) 875-9900,74423,PERSONAL,4.81,36,2011-03-19
LN_122245,4758,Daniel T. Ho,4211 Kirk Villages,South Craig,PA,03378-2250,(217) 313-6657,29190,AUTO,5.12,360,2018-10-17
LN_246164,9269,Ashley Stephenson,3345 Brown Skyway,North Sandrastad,PA,78244-8107,(761) 944-6658,69820,HELOC,5.25,360,2012-01-13
LN_890620,9530,Shawn Ellis,540 James Tunnel Apt. 426,New Destiny,PA,88452-4478,(899) 657-1395,38113,AUTO,4.81,360,2014-08-29
LN_652549,8671,Johnathan V. White,34149 Brooke Turnpike,New Jacquelinechester,WV,52198-9654,(270) 726-6045,49625,MORTGAGE,7.3,60,2023-02-19
LN_706676,2679,Scott Obrien,837 Ralph Point Suite 793,Michelleland,WV,22975-6384,(667) .22-8.77,63350,AUTO,4.77,180,2019-07-19
LN_843671,8300,Mary Fox,67631 Kyle Common,South Matthewhaven,WV,62857-6573,(541) 242-6429,5501,HELOC,6.0,72,2021-07-21
LN_956400,4263,Scott R. Jones,575 Rebekah Pines Apt. 578,Gwendolynmouth,WV,12691-8516,(971) 385-6911,24476,MORTGAGE,4.26,60,2022-01-06
LN_138603,3419,Pam Hampton,53374 Mark Mount,East Cynthiamouth,PA,64857-1763,(787) 915-6596,60147,AUTO,5.78,36,2015-09-29
LN_433177,3748,Gary U. Price,4693 Wright Valleys,Markchester,PA,53372-2710,(623) 894-0269,31362,HELOC,4.7,36,2011-07-21
LN_663621,1627,Sarah Baxter,5393 Compton Fields,Zacharychester,PA,37007-3075,(596) 939-2435,18339,AUTO,7.6,48,2020-03-04
LN_951762,4418,Kathy Schultz,8697 Frank Extension Suite 204,North Bryan,WV,31837-9882,(001) 719-3106,34190,HELOC,5.9,36,2023-02-04
LN_466656,2154,Anthony N. Gonzalez,258 Gregory Brooks Apt. 410,South Diana,WV,15045-7895,(434) 573-5528,74499,HELOC,6.1,180,2019-08-03
LN_980233,6248,Kelly Horn,80563 Julia Pass,New Tamara,PA,82850-2217,(582) 387-3210,15235,PERSONAL,6.46,360,2025-04-27
LN_560439,6392,Jennifer Sanchez,151 Benson Isle,Port Ashley,PA,41008-7837,(503) 640-1535,33568,PERSONAL,8.45,48,2016-03-21
LN_642162,6081,Jessica Q. Jackson,72817 Jacob Circle,Port Katherine,OH,34494-4313,(579) 912-1416,25300,PERSONAL,4.12,72,2011-07-06
LN_315378,8690,Dawn Brown,22487 Brenda Street Suite 264,Harrisburgh,WV,49416-2240,(474) 822-4043,69665,HELOC,7.19,36,2011-02-16
LN_457474,4915,Alan E. Martin,73654 Rachel Ferry,Danielside,PA,33894-8736,(790) 329-2334,66003,PERSONAL,6.6,360,2011-03-12
LN_523680,1742,John Sanchez,7672 Daniel Isle Suite 904,Jamesland,PA,68833-3338,(001) 934-9369,69472,MORTGAGE,4.5,48,2016-09-18
LN_631626,3983,Kristin Davies,001 Fred Fords,Lake Andrew,WV,55520-2795,(896) .65-5.67,51128,AUTO,8.44,36,2023-12-17
LN_442599,3245,Victor Lozano,4959 Cameron Street Apt. 273,South Jennaport,OH,89768-9632,(001) 527-8183,58415,HELOC,6.51,180,2024-05-14
LN_497143,1841,James Perkins,06789 Moore Mount,West Tammyshire,OH,11810-4978,(+13) 478-0129,51623,MORTGAGE,4.3,360,2011-03-25
LN_274608,1491,Hannah Garcia,88363 Gardner Shores Suite 016,South Sandra,WV,23031-4995,(001) 222-5666,47075,PERSONAL,5.48,360,2025-06-09
LN_711176,5071,Benjamin Q. Ross,039 Andrew Isle Apt. 460,Atkinsonview,PA,47501-1390,(+17) 558-3470,55803,HELOC,5.94,180,2015-08-08
LN_909297,9421,Rachel Morgan,066 Michael Summit Suite 155,Byrdland,PA,55730-8842,(789) 740-9363,25480,AUTO,6.76,48,2013-11-18
LN_714919,3505,Darrell Rogers,7326 Lisa Radial,Romerochester,WV,67136-9292,(+19) 885-6108,58660,MORTGAGE,4.4,36,2023-01-13
LN_715329,7234,Todd Choi,6419 Shaw Tunnel,Josephside,PA,48324-9518,(626) 586-1205,24536,MORTGAGE,7.26,60,2011-03-12
LN_311936,5178,Nicholas Maldonado,0271 Paul Ferry Apt. 023,Olsenhaven,PA,72243-3072,(873) 766-4970,42989,PERSONAL,5.15,48,2019-01-16
LN_161586,9534,Greg Webb,2194 Donna Heights Suite 891,South Timothy,WV,57735-7141,(468) 849-8991,74791,PERSONAL,6.31,60,2017-05-14
LN_866037,9255,Debra Harris,21442 Mueller Mill Apt. 538,Elizabethmouth,WV,56130-6423,(616) 415-9994,35016,MORTGAGE,4.44,360,2014-09-21
LN_919259,2034,Karen Parker,6352 Kristin Villages Suite 118,North Tammy,OH,71285-6453,(769) 558-6218,53016,HELOC,6.04,360,2018-02-18
LN_565190,1919,Angela White,8896 Willis Stravenue Suite 273,Colemouth,WV,94789-7880,(562) 402-5825,33338,HELOC,7.13,360,2012-06-27
LN_556875,3934,Valerie Serrano,22939 Macias Manors Suite 346,South Madisonfurt,OH,36950-2122,(574) .39-0.60,26957,AUTO,8.08,360,2011-08-05
LN_304547,7390,Kaitlin Perez,6196 Nicole Key,Elizabethhaven,OH,36331-5814,(+19) 315-3574,70675,HELOC,3.55,180,2012-02-28
LN_383561,3759,Andrea Morgan,5822 Ronald Vista Apt. 231,New Scott,WV,55829-7048,(001) 281-3572,73714,PERSONAL,5.37,60,2020-11-30
LN_623711,2229,Manuel R. Crawford,37983 Jeanne Trace,Taylorberg,WV,58454-6160,(251) 316-0895,7909,HELOC,4.24,48,2022-03-30
LN_661659,9998,Clinton Washington,9106 Smith Manor,East Jennifer,OH,46797-6439,(946) 402-6224,20712,MORTGAGE,6.11,72,2020-03-03
LN_279600,3751,Harold Hodges,5823 Kathryn Forest,Warrenmouth,OH,70021-5960,(414) .79-3.92,23065,AUTO,5.52,72,2022-04-17
LN_176767,7106,Matthew W. Frazier,6744 Jenkins Fields Apt. 250,Kevinfurt,OH,61588-6105,(001) 488-2488,7890,AUTO,4.75,180,2012-10-31
LN_887949,1229,Jason O. Coleman,1700 Jeffrey Mill Apt. 474,North David,PA,05627-8704,(360) 958-0856,59098,AUTO,7.91,48,2017-03-06
LN_582222,1219,Sherry Meza,2094 Brown Locks,Rossmouth,OH,02041-5093,(236) 232-8630,72420,PERSONAL,8.34,36,2022-11-07
LN_903990,7912,Joe Tran,198 Kristi Harbor,Loganside,WV,84585-8187,(235) 546-9510,63619,MORTGAGE,7.96,72,2010-08-25
LN_990429,3121,Jacqueline Holt,276 Wyatt Island,Marybury,WV,82177-7553,(+15) 623-2140,52904,HELOC,6.89,36,2015-03-17
LN_805750,8980,Kelly James,892 Vega Corner Apt. 281,Port Laurenbury,OH,58688-3745,(+16) 246-4792,53963,HELOC,4.31,180,2016-05-12
LN_754293,4900,Melissa Ellis,310 Carrie Inlet Suite 319,Donaldborough,PA,50787-5800,(532) 471-4725,60153,PERSONAL,3.69,48,2019-04-27
LN_511924,1755,Justin Macdonald,28329 Contreras Mount Suite 279,Figueroatown,PA,36971-8010,(+15) 554-0947,60837,HELOC,4.76,48,2021-05-23
LN_843432,4036,Daniel C. Caldwell,017 Webster Hill Suite 608,West Vicki,OH,49686-8616,(591) 375-0783,29594,PERSONAL,4.64,36,2018-01-28
LN_203277,5799,Lee T. Cook,77665 Montgomery Cape Apt. 344,East Patricia,WV,74038-7956,(362) 826-6484,7170,AUTO,4.88,360,2018-05-07
LN_651029,4428,John Levy,48611 Reynolds Spring Apt. 306,Tranland,PA,89521-3406,(001) 246-6701,19588,HELOC,4.81,60,2013-08-14
LN_850277,4997,Cameron Garcia,6134 Harris Turnpike Apt. 549,Jessicaville,OH,24759-9117,(997) .84-3.25,47528,PERSONAL,5.48,180,2020-10-13
LN_935400,8106,Lisa Malone,6992 Brittany Rue,South Crystal,PA,76826-3223,(816) 588-4047,69511,MORTGAGE,5.77,72,2015-03-30
LN_920836,9483,Taylor Castaneda,51589 Margaret Cove,Port Michelle,OH,02070-9098,(616) 666-0812,27368,HELOC,5.26,360,2018-12-13
LN_715735,1018,Danny Y. Hall,25696 Wallace Glen,East Sandrabury,WV,09669-2227,(651) 496-8394,18400,HELOC,4.85,360,2016-02-12
LN_200373,9324,Lisa S. Ramirez,1500 Reynolds Skyway Suite 641,North Rebeccafurt,OH,49124-5906,(611) 934-0785,40827,HELOC,6.19,360,2021-12-31
LN_805576,7218,Danny M. Day,1642 Jennifer Loaf Suite 441,South Guy,WV,62087-7047,(+12) 686-5760,30417,PERSONAL,6.55,48,2023-06-21
LN_758388,8343,Rodney H. Mason,1035 Watson Grove Apt. 843,Pearsonland,OH,93042-2329,(492) 862-7350,74502,PERSONAL,7.1,72,2023-01-06
LN_747138,9876,George Lee,92124 Nicole Stream,Jamestown,WV,91332-4900,(+19) 899-4870,37373,PERSONAL,5.26,360,2014-10-06
LN_124244,8829,Courtney Clark,613 Lucas Cliffs,North Stephen,OH,43979-3977,(511) 602-4819,19331,AUTO,6.31,60,2017-02-02
LN_514056,9693,Jared Porter,90028 Aaron Brooks,East Julie,WV,52823-1924,(417) 980-8864,56902,PERSONAL,4.0,48,2012-10-23
LN_482109,1248,Mark N. Collins,0490 Thomas Green Suite 476,Lake Judithland,PA,56341-5213,(722) 715-0396,58743,HELOC,4.1,360,2011-08-25
LN_314195,7749,Christine Bradley,06983 Franklin Stream Apt. 353,Amberhaven,WV,57785-4041,(870) 482-1398,70715,HELOC,3.75,72,2025-07-25
LN_132787,9421,Kelli D. Hardy,5819 Lambert Parkways,Adrianmouth,OH,93803-8195,(738) 205-3659,59070,HELOC,6.37,48,2011-10-29
LN_908693,8983,Melissa Wheeler,3710 Ashley Highway,New Wesley,OH,99459-9359,(611) 945-7758,16129,MORTGAGE,5.47,36,2021-03-31
LN_752778,8136,Lauren G. Mendoza,2718 Stewart Branch Apt. 369,West Michaelview,OH,25031-9504,(+19) 438-4795,9232,MORTGAGE,3.64,360,2023-05-30
LN_225166,3161,Richard Brooks,6947 Flynn Locks Suite 535,South Nathan,WV,62391-1476,(466) 798-6163,11208,AUTO,3.95,60,2015-07-30
LN_590917,2752,Joseph Y. Edwards,222 David Passage,South Cindyborough,PA,42476-4656,(+16) 326-2327,22279,MORTGAGE,3.63,72,2023-05-05
LN_395268,1898,Kyle Torres,62987 Little Neck,Port Lee,WV,43399-5553,(001) 466-8464,36500,PERSONAL,5.8,48,2015-03-07
LN_152619,8492,Phillip D. Price,3137 Johnson Track,Lake Christopherside,PA,08115-4703,(610) 563-8224,25444,AUTO,6.73,360,2022-12-10
LN_697248,1607,Brittany W. Fernandez,2240 Oliver Station Apt. 082,West Marie,PA,04561-7834,(001) 876-4691,18043,HELOC,5.66,180,2018-08-09
LN_645514,6846,Sarah Morgan,77170 Antonio Loop Suite 094,East Jonfurt,PA,01131-4654,(616) 348-3895,41724,PERSONAL,4.47,180,2017-07-26
LN_826879,5297,Jacqueline Harris,6184 Robert Cove,West Danielville,WV,65740-5939,(493) .24-8.35,60589,HELOC,4.2,48,2015-07-22
LN_196690,5841,Jerry Price,032 Sherman Loaf,Jenniferstad,PA,43220-8639,(+13) 762-7350,54413,PERSONAL,4.57,72,2020-05-19
LN_405196,2904,Daniel E. Anderson,972 Jose Mills,Davisbury,WV,41171-6898,(+18) 774-6013,12202,PERSONAL,5.03,360,2021-11-29
LN_561077,4810,Carol Schroeder,1159 Lawrence Dam Suite 687,West Moniquechester,OH,34886-8513,(597) 495-0804,60311,HELOC,7.02,360,2012-09-23
LN_462843,2771,Christie K. Williams,993 Nicholas Brooks,Port Amber,PA,90663-6662,(001) 261-5574,52072,AUTO,4.42,180,2017-02-04
LN_427346,6907,Brandon J. Patterson,228 Kevin Way,West Jamieshire,OH,20298-8090,(552) 572-5978,17620,PERSONAL,5.9,180,2022-05-16
LN_581482,8073,Harry Jackson,2158 Thomas Crescent Suite 027,Juliechester,PA,37584-1330,(294) 585-6257,34710,HELOC,7.09,180,2014-07-01
LN_861351,3366,Martha J. Hebert,98309 Duane Track,East Natalie,OH,04502-7370,(250) 838-6072,17865,AUTO,7.53,36,2015-08-15
LN_406642,9330,Sandra Campbell,5145 Shaun Track Apt. 574,Ericahaven,OH,70210-8295,(752) 369-9018,35471,AUTO,6.37,360,2017-09-27
LN_928706,5293,Briana Smith,120 Danielle Divide,Derekview,PA,44930-5529,(337) 459-7953,49500,HELOC,4.11,360,2018-08-06
LN_404378,3328,Darren Henson,534 Murphy Circle,Evanshaven,PA,13536-3774,(444) 839-4469,12726,PERSONAL,7.14,360,2025-01-23
LN_781140,8576,Robin U. Garcia,54508 Sandra Route,Ginaside,OH,93537-6353,(685) 481-9748,37151,PERSONAL,6.15,60,2025-02-25
LN_286133,8127,James Cochran,0388 Wright Lane,Haynestown,PA,39583-4403,(832) 440-0615,57583,MORTGAGE,5.87,48,2017-06-08
LN_907339,1265,Jenny V. Hanson,4742 Brown Dam Suite 445,South Ann,WV,08856-5298,(295) 947-2874,66001,HELOC,5.64,36,2012-06-14
LN_682424,7289,Melissa Grimes,63129 Zavala Lakes,Shaneburgh,OH,98129-7807,(001) 561-2694,17669,HELOC,4.13,180,2011-04-22
LN_584216,7204,Robert Y. Miles,338 Davis Crossroad Apt. 628,West Jenniferchester,PA,52615-1045,(530) 698-0518,31919,AUTO,6.87,72,2014-05-04
LN_416539,3825,Erin C. Clements,2331 Joseph Greens Apt. 773,Chasestad,OH,42052-6803,(001) 561-3922,68996,AUTO,7.37,36,2016-05-12
LN_185066,1101,Michelle O. Montgomery,02242 Jerry Mission,South Victoriaport,PA,30384-1568,(335) .31-9.99,40087,HELOC,4.39,72,2013-01-07
LN_724492,2366,Karen Sullivan,371 Conner Centers,Elizabethburgh,WV,87521-5574,(515) .39-6.37,39393,MORTGAGE,7.42,180,2021-03-26
LN_935252,6793,Jasmine Sullivan,99454 Mallory Stream Suite 531,Peterton,WV,79551-7467,(807) .69-6.85,71277,HELOC,7.06,360,2012-08-18
LN_354078,4521,John Harris,340 Nancy Crossing Apt. 454,Lake Courtneyport,OH,51482-4261,(865) 834-9309,65153,AUTO,8.29,180,2019-08-25
LN_809079,9726,Jacob Wallace,59804 Jason Creek,Emilyshire,WV,55619-7469,(701) 401-4601,23224,HELOC,7.03,360,2022-09-26
LN_984676,2517,Amanda A. Powers,659 Alvarado Island,Stephenchester,OH,31614-8233,(001) 645-7418,13510,HELOC,6.64,36,2024-08-14
LN_150179,9723,Cody Lee,001 Hanna Corner Suite 391,Christopherland,WV,33291-2680,(367) .98-6.21,42730,MORTGAGE,3.79,180,2018-06-18
LN_801483,7621,Christian Perry,36345 Amanda Grove,East Gregory,WV,51126-6238,(744) 458-1649,51793,AUTO,8.13,72,2012-03-26
LN_790100,2394,Steven Shaw,17627 Kyle Viaduct Apt. 445,Oneillstad,WV,11417-2599,(001) 549-5975,33995,PERSONAL,5.44,360,2011-12-08
LN_477970,6972,Natalie Martinez,4695 Beverly Vista Suite 687,Goodwinshire,PA,90415-5621,(894) 949-9313,21289,HELOC,4.5,48,2021-11-06
LN_275964,1380,Scott Roman,91919 Patricia Estates Suite 425,North Shane,PA,76440-4794,(808) .95-6.75,5187,MORTGAGE,4.13,360,2017-10-04
LN_836455,8557,Ryan D. Herrera,781 Landry Junction,Port Andrewshire,PA,83112-1405,(817) 879-0552,69508,PERSONAL,4.44,180,2020-01-06
LN_497640,8463,Gregory Richardson,67625 Matthew Springs Apt. 814,Timothyview,WV,28427-5407,(996) 234-8079,20891,AUTO,6.68,60,2015-11-26
LN_347284,7543,Sandra Aguilar,91400 Fred Stravenue,Davidville,OH,77470-5342,(628) 487-4159,53201,PERSONAL,5.82,180,2015-07-23
LN_715508,7460,William K. Pham,474 Eileen Islands Suite 379,Allenberg,WV,85231-2141,(897) 300-2687,61627,PERSONAL,7.78,360,2017-04-10
LN_830395,2858,Raymond Banks,27868 Jose Green,Lewisport,OH,91462-1388,(631) .62-1.72,32482,PERSONAL,4.57,72,2013-03-16
LN_285786,3941,Jeremiah J. Taylor,4621 Thomas Avenue,West Austin,OH,23451-8688,(+17) 619-1231,14170,MORTGAGE,8.29,72,2019-02-08
LN_425632,1360,Fernando Sims,9225 Robert Dale,North Shelly,WV,18083-9092,(846) .59-0.17,31882,HELOC,7.57,60,2023-02-24
LN_398712,9847,Sheila Edwards,9868 Contreras Manor,Murrayland,WV,40618-7947,(236) .30-8.09,34134,HELOC,8.37,72,2021-08-02
LN_941187,3306,Michael Esparza,4000 Mills Junction Suite 824,West Charlesfurt,WV,46756-5007,(951) 622-4441,25518,HELOC,7.33,72,2013-08-14
LN_988156,3714,Danielle W. Gray,2237 Marissa Ridge,Brianborough,PA,19656-3789,(+14) 608-5904,28452,PERSONAL,5.13,60,2023-07-07
LN_761606,7886,Phillip Smith,895 Tracey Cliffs Apt. 330,Kennethville,OH,63201-7227,(+18) 534-4856,41383,MORTGAGE,7.14,48,2016-08-31
LN_446976,2924,Stephanie A. Green,517 Shannon Tunnel,North Darlenemouth,PA,32079-9223,(+18) 914-2878,43599,HELOC,6.38,180,2019-04-12
LN_446493,4949,Jessica Reed,27674 Reese Terrace,South Frances,WV,51628-9989,(742) .88-6.04,49434,PERSONAL,7.43,180,2020-05-30
LN_864625,7055,Tiffany Werner,476 Marcus Harbors,Lake Belinda,WV,83447-9905,(964) 456-3391,48013,HELOC,6.4,48,2018-03-07
LN_359669,5930,Marcus Avila,470 Pierce Canyon,New Barry,PA,30582-7869,(001) 870-5519,72964,AUTO,3.89,360,2019-12-09
LN_732506,8594,Denise Howard,74954 Cordova Path,North John,PA,73829-6440,(965) 933-3153,25830,HELOC,5.75,72,2015-02-02
LN_142747,2530,John Hicks,132 Jill Village,East Natasha,PA,40509-1704,(784) 935-1978,19150,AUTO,6.31,60,2025-03-07
LN_234239,9220,Ryan L. Ward,0745 Moore Island Suite 703,South Cory,WV,70531-4030,(+19) 877-5875,20201,MORTGAGE,5.27,48,2024-04-06
LN_176941,1171,Frances Carpenter,427 Marisa Cliff,Brianville,OH,27723-8993,(433) 690-6279,56640,MORTGAGE,7.06,72,2023-11-12
LN_956771,8157,Christopher Williams,401 Suzanne Villages Apt. 490,South April,PA,58464-9907,(429) 767-1756,17276,PERSONAL,7.15,36,2024-10-09
LN_342990,8168,Lisa Graves,0353 Benjamin Isle Suite 841,Mooreborough,OH,36024-5628,(869) 575-4132,59946,AUTO,8.01,36,2022-08-27
LN_249159,7410,Beth Williams,017 Justin Falls,Port Darlene,PA,96090-7405,(+18) 654-6766,74801,HELOC,8.32,360,2017-07-16
LN_579549,1727,Harold Ingram,7219 Williams Walks Suite 669,South Michael,PA,82372-5191,(351) 668-7409,44613,MORTGAGE,4.84,60,2013-12-10
LN_928745,8898,Sean Torres,43754 Eddie Haven Suite 292,Ianburgh,WV,93314-7262,(001) 422-5310,48550,MORTGAGE,6.5,48,2016-03-10
LN_558182,9214,Lindsay Garcia,182 Deborah Overpass Apt. 669,Port Davidmouth,PA,77327-8033,(537) 529-8268,10699,PERSONAL,6.12,60,2015-02-25
LN_680375,3005,Christopher Johnson,01217 Kimberly Canyon Suite 342,North April,OH,18514-6174,(919) 485-7787,15239,PERSONAL,6.78,60,2015-04-29
LN_139844,4747,Michael Yang,88532 Hobbs Highway Apt. 114,Houstonport,PA,60177-2395,(347) 637-7049,13162,PERSONAL,8.11,60,2017-10-13
LN_533384,7492,Ashley Williams,91681 Pennington Summit,Robertotown,WV,24609-1892,(001) 241-7613,45535,HELOC,3.69,180,2021-10-19
LN_668508,7620,Megan D. Robinson,25376 Ellis Lock,South Timothy,OH,78716-2760,(931) 891-0090,43363,AUTO,3.77,48,2013-06-16
LN_106628,1890,Christine X. Thompson,80694 Cheyenne Points Suite 387,Port Maryborough,WV,83862-1125,(510) 200-6658,59682,PERSONAL,7.49,72,2022-10-10
LN_276428,3251,Heather Green,48484 Monica Mountains,Johnsonchester,OH,23139-5892,(895) .89-5.14,42065,MORTGAGE,5.78,72,2021-01-25
LN_367851,8270,Allison Baldwin,013 Richardson Radial,South Emily,WV,14568-7281,(756) 363-8361,57440,HELOC,6.28,180,2022-01-11
LN_833808,8138,John Z. Grant,4221 Thompson Springs,Ginaview,WV,77978-5595,(+16) 639-3083,28689,AUTO,6.32,48,2010-10-01
LN_682095,9091,Jesse Rodriguez,4003 Kelly Pines,Rosehaven,PA,52422-3777,(873) 874-4966,53063,AUTO,7.35,180,2014-07-18
LN_871838,1116,Kenneth Stephens,04896 Graham Plaza Suite 695,Ellenmouth,WV,50024-3766,(001) 397-7755,50293,AUTO,6.49,36,2010-12-22
LN_242208,2230,David Hughes,2013 Thomas Cove,Jenniferfort,OH,57797-9551,(302) .29-8.62,8640,PERSONAL,6.53,360,2018-09-29
LN_771218,3153,Scott Stevenson,84376 Morris Parks Suite 793,Drewland,PA,79269-8005,(001) 562-8633,36662,HELOC,4.68,360,2014-04-04
LN_776232,8042,David Henderson,29451 Paul Locks Suite 487,Port Isabellashire,WV,68994-9371,(716) 822-9991,25431,AUTO,8.24,36,2017-09-09
LN_307889,7127,Paul Butler,03895 Thomas Roads Apt. 278,Port Ashley,PA,24442-3862,(001) 990-8253,19624,MORTGAGE,8.11,72,2015-04-24
LN_839765,4961,Amanda Jackson,8449 Rodriguez Crest Suite 318,Gonzalezhaven,PA,05179-3853,(771) .91-3.06,26678,PERSONAL,4.54,180,2024-08-07
LN_109739,5304,Nicholas Vargas,369 Sandra Cape Apt. 912,Jenniferhaven,PA,49488-5657,(740) .52-9.70,72283,AUTO,7.94,72,2014-06-30
LN_855753,4784,Jason Williams,2280 Matthew Crescent Apt. 183,Scottmouth,WV,47063-6774,(001) 308-2428,8037,PERSONAL,7.6,72,2024-04-05
LN_426533,4139,Dwayne Moon,5214 Stanley Views,Jonathanberg,WV,20729-8345,(900) .54-8.99,68007,HELOC,6.68,60,2020-04-24
LN_222780,5032,Michelle Todd,29649 Rebecca Route Apt. 471,Evansmouth,PA,34190-9444,(684) 446-5771,7440,MORTGAGE,5.24,72,2020-02-17
LN_352749,4328,Leslie Grant,4493 Owens Haven Apt. 034,South Sherri,PA,61537-3992,(+18) 453-6611,52993,AUTO,7.31,36,2015-03-17
LN_632981,7799,Joshua D. Mendoza,0907 Henry Mountains Apt. 050,Lake Jill,OH,17756-7018,(661) 507-0518,15988,PERSONAL,4.91,72,2024-01-23
LN_114279,5566,Andrew Miller,1687 May Roads Apt. 214,Atkinstown,WV,27976-6083,(+12) 208-4347,55342,PERSONAL,4.41,48,2023-04-01
LN_796582,3987,Erica Goodman,85898 Hunt Cove Suite 397,Hortonton,OH,93793-7152,(001) 600-6737,33111,MORTGAGE,5.75,48,2012-04-01
LN_269998,5281,Lindsay Parker,6141 Deanna Prairie Apt. 014,Linshire,PA,84502-5353,(+19) 129-9835,74364,HELOC,8.3,48,2021-01-20
LN_909271,8640,Tammy Myers,339 Cooper Hollow Suite 273,Port Gary,WV,18155-6360,(311) 242-4362,5000,AUTO,6.83,36,2019-11-11
LN_748545,5449,Natalie Delacruz,6502 Kristin Highway,Murraytown,OH,38102-8384,(579) 572-5184,60045,MORTGAGE,5.99,180,2023-03-18
LN_221600,2024,David V. Wong,77381 Stacy Turnpike,North Cheryl,WV,70918-6477,(514) .65-2.37,52501,AUTO,5.07,60,2023-10-29
LN_978701,8712,Richard F. Cohen,57483 Savage Drive Suite 806,Tiffanychester,PA,05602-9909,(001) 667-4398,8230,PERSONAL,8.09,72,2024-04-27
LN_341160,3351,Felicia Lynch,6042 Selena Cove Suite 847,North Jose,PA,10793-4850,(927) .85-8.04,25532,AUTO,4.67,360,2017-07-05
LN_688912,2753,Danielle E. Torres,736 Christine Vista,New Markmouth,OH,29693-4103,(001) 279-4476,71893,PERSONAL,5.19,36,2024-08-24
LN_315978,7147,Patrick Petty,6547 Devon Rapids,Meganside,PA,41645-3509,(001) 783-3339,36695,MORTGAGE,5.9,60,2021-03-31
LN_609415,9091,Kimberly Herrera,46220 Jose Pike Apt. 335,Theresaville,PA,15088-1814,(972) 883-6030,12166,HELOC,7.11,48,2019-03-11
LN_560425,3866,Corey Cardenas,5360 Joshua Trail Suite 457,Donaldstad,WV,30678-2082,(637) .63-2.69,57239,PERSONAL,7.75,360,2024-05-10
LN_831173,7928,Samantha Lara,669 Andre Terrace,East Elizabeth,PA,18064-1445,(001) 416-8826,31218,MORTGAGE,3.53,72,2013-07-01
LN_940420,8301,Dennis Hernandez,5030 Joshua Creek,South Justinchester,WV,33933-1638,(001) 527-9386,70725,AUTO,7.59,60,2022-09-29
LN_616460,8831,Amy Wright,364 Johnson Rapids Suite 406,Janetport,WV,47024-6157,(759) 235-7076,42301,AUTO,6.13,60,2023-10-22
LN_154498,2549,Sara Miller,8685 Scott Land,North Deborahchester,PA,25920-4205,(536) 329-4897,16898,AUTO,4.26,360,2014-08-03
LN_471643,7386,Lauren Rosario,7125 Amanda Pines,New Elizabethshire,OH,39843-1820,(+16) 516-6599,73658,HELOC,3.9,36,2014-03-03
LN_348499,7572,Elizabeth N. Palmer,01683 Christopher Fields Suite 001,Roseview,OH,11000-2640,(491) 250-7628,15637,MORTGAGE,8.37,48,2024-01-12
LN_394382,4710,Alexis Wilson,4214 Steven Neck Apt. 559,Lake Dean,PA,63208-6576,(902) .46-0.49,20972,AUTO,8.02,72,2022-04-17
LN_901144,1565,Danielle Walton,5324 Moreno Glens Apt. 871,Robinmouth,PA,37814-8169,(001) 974-4691,5839,MORTGAGE,7.13,36,2011-04-18
LN_381596,4673,Alicia Lowe,30958 Anderson Stream,Cummingsborough,WV,75948-1677,(+14) 883-9413,62454,MORTGAGE,7.23,36,2015-02-12
LN_386747,5473,James O. Acosta,55033 Bruce Brook,Wrightport,WV,97989-9912,(001) 367-3391,31153,HELOC,7.53,180,2024-12-02
LN_517924,8151,Nicole Hill,82224 Jeffrey Station,Lake Jessica,WV,49352-1336,(510) 423-2321,16228,MORTGAGE,7.53,360,2025-04-24
LN_500278,4687,David Kelly,24891 Matthew Lakes Suite 999,West Katiehaven,WV,97937-7121,(634) 256-5123,28744,PERSONAL,7.74,48,2016-10-23
LN_221356,3195,Janice Evans,251 Kevin Falls,Heatherhaven,WV,51417-4010,(492) 496-6278,51241,MORTGAGE,7.5,180,2024-11-15
LN_610890,1386,Erin Randall,7236 Marquez Loop,West Stephenchester,WV,54403-2781,(671) 664-0226,60884,HELOC,7.15,36,2014-07-14
LN_711424,9163,Jason Fowler,3293 Maria Plaza,New Jason,OH,31040-8996,(729) 504-2284,23693,AUTO,6.88,360,2021-09-20
LN_782289,4768,James Johnson,214 Anderson Mill,Taylorshire,OH,31246-2488,(728) 240-5218,59951,PERSONAL,4.93,360,2021-10-03
LN_171148,9594,Stacey Jimenez,1101 Owens Bridge Apt. 325,Frankport,OH,86957-2995,(630) 273-2466,17453,PERSONAL,6.25,180,2018-04-19
LN_128260,7892,Jonathan H. Martin,2125 Williams Dam Apt. 981,Lake Josephshire,PA,94946-2088,(001) 799-2151,58297,MORTGAGE,5.67,360,2020-01-13
LN_631084,1628,Raymond Jones,03461 Cruz Falls Suite 244,Leonardfort,PA,05065-9239,(262) 426-8171,73106,PERSONAL,3.94,360,2017-06-01
LN_422187,8045,Megan R. Duncan,5046 Tyler Freeway,Shannonport,PA,28830-9253,(542) .71-5.03,35906,MORTGAGE,5.81,60,2022-03-25
LN_967796,8705,Kevin R. Brock,66498 Powers Plaza Apt. 082,Lewismouth,OH,35619-2788,(+16) 898-6908,70035,MORTGAGE,8.49,48,2013-08-25
LN_194309,6038,Amber Porter,8531 Rodriguez Street,Thompsonborough,PA,93405-1142,(392) 712-2339,21104,PERSONAL,5.24,48,2013-10-08
LN_222855,3647,Lucas S. Singleton,845 Medina Mills,Berrystad,OH,74593-1903,(526) 981-3078,34853,PERSONAL,4.98,180,2014-03-22
LN_253441,6858,Chad Watson,1634 Matthew Loaf,Cherylmouth,OH,81085-6315,(917) 752-4001,36549,PERSONAL,7.12,72,2017-05-05
LN_251122,1756,Catherine Johns,106 Nicole Pike Apt. 647,East Jennifer,OH,61211-4339,(908) 927-6817,30347,HELOC,7.62,360,2014-07-31
LN_527698,4035,Ashley George,1898 Edward Common,North Victoria,PA,76866-8898,(+13) 609-5034,34917,PERSONAL,4.13,360,2016-01-22
LN_624460,5549,Shelly Silva,246 Fleming Trail Apt. 188,Port Jesseview,WV,53106-8057,(300) .26-1.69,35759,HELOC,8.34,36,2017-03-08
LN_940083,7101,Dawn U. Lewis,66894 Jacobs Park,South Thomas,OH,37088-7501,(873) 624-5719,39116,PERSONAL,6.77,36,2016-08-15
LN_168809,3945,Michael Hunt,28262 Baker Expressway Apt. 412,North Cheryl,PA,95418-6013,(+16) 573-7204,47371,PERSONAL,8.27,60,2023-03-14
LN_783604,7004,Breanna Farmer,89021 Pacheco Crossing Apt. 363,South Chelsea,OH,23247-2363,(841) .90-3.46,52320,MORTGAGE,5.77,180,2021-04-13
LN_779460,7244,Tara Roberts,7580 Carroll Stravenue,East Jenna,PA,95278-2451,(994) .30-1.17,30724,PERSONAL,5.08,48,2018-11-15
LN_195434,6411,Michelle Richards,50166 Mclaughlin Ranch Suite 076,Palmerfort,WV,30897-3489,(001) 308-9069,13261,HELOC,8.08,180,2014-12-01
LN_715954,8827,Gary Clarke,01906 Veronica Meadow Suite 212,West Richard,PA,33586-6530,(837) 862-9206,45194,HELOC,3.61,60,2025-03-01
LN_992697,1031,Steven Smith,92252 Jack Trail,New Alexander,PA,76634-1267,(+19) 443-6276,14846,HELOC,7.69,72,2014-09-25
LN_619509,3586,Michael N. Smith,5358 Jasmin Brooks,Livingstonside,PA,69770-6663,(+18) 782-0727,7678,HELOC,6.55,360,2012-07-17
LN_434371,9800,James Jones,204 Allen Mall Suite 041,North Brian,PA,05757-7503,(+17) 432-1055,20820,AUTO,6.8,360,2017-04-08
LN_479281,4526,John Levine,482 Sean Ridges Apt. 396,North Kathleenside,PA,21948-6882,(001) 865-6612,55103,AUTO,4.73,180,2014-06-28
LN_147729,4600,Katelyn Mitchell,93802 Khan Fall,Port Randyfort,WV,24921-5461,(001) 940-4049,43317,AUTO,7.77,180,2015-07-22
LN_839325,2896,Eric Harmon,080 Javier Lakes,East Anthonyberg,OH,29305-9525,(624) 947-3158,58013,AUTO,8.06,48,2014-05-07
LN_744488,6474,Andrew Foster,5107 Drake Road Apt. 886,Blackwellland,OH,49289-7863,(+14) 899-0171,67310,PERSONAL,6.2,48,2018-03-14
LN_864555,2046,Michael Raymond,937 Derek Avenue Suite 596,Scottchester,WV,85833-8662,(+19) 245-5937,43060,HELOC,7.55,60,2024-07-29
LN_206506,4216,Matthew Ramsey,35577 Debbie Orchard,Lake Steven,PA,70882-8413,(776) 308-4958,39443,AUTO,5.21,180,2019-12-29
LN_150634,5621,Mark Smith,30946 David Squares,Fieldschester,PA,13303-3957,(953) 373-0534,9102,MORTGAGE,5.05,48,2024-08-12
LN_649730,8396,Sandra Q. Walls,24148 Moore Run Apt. 775,Oneillport,PA,57807-4691,(685) 478-5645,12419,HELOC,4.77,48,2018-09-01
LN_321593,2732,Harry Simpson,10772 Douglas Mountain Suite 995,Lake Ricardo,WV,38912-9897,(986) 501-7678,61870,AUTO,7.5,48,2011-02-03
LN_606332,1231,James Weaver,418 Thompson Fork Apt. 645,Williamsfort,WV,59325-4362,(837) .20-1.06,5623,AUTO,5.35,48,2013-05-09
LN_744853,2303,Rachel Smith,458 Kayla Alley Apt. 057,Elizabethside,PA,72730-1200,(599) .27-4.18,41248,AUTO,7.41,360,2024-04-28
LN_139042,5460,Elizabeth Porter,31266 Bryan Glen Apt. 017,Catherinetown,PA,23316-9398,(517) 462-9833,58656,PERSONAL,5.14,180,2011-11-20
LN_647018,8507,Robert Bauer,9808 Jennifer Highway,Smithstad,PA,32032-8016,(001) 262-8185,14208,PERSONAL,6.39,48,2014-05-26
LN_577795,3870,Pamela Weaver,66633 Lopez Passage Apt. 911,Jordanville,WV,50193-3292,(824) .79-7.70,42030,HELOC,7.81,180,2025-04-03
LN_633379,3511,Daniel Austin,896 Rodgers Square Apt. 311,Johnsonhaven,WV,60697-7490,(215) .87-4.91,61367,HELOC,8.4,360,2015-07-18
LN_985169,3049,Kathleen Woods,236 Pace Views,Richardchester,OH,06125-3067,(460) 535-6793,46254,HELOC,6.19,360,2011-01-22
LN_773594,8875,Ashley Pennington,15630 Brittany Island Suite 363,Barnettberg,WV,85141-3081,(729) 342-0661,36325,HELOC,5.36,360,2018-09-02
LN_944135,1127,Samantha Miller,4573 Bailey Court,Bowenmouth,WV,42301-3811,(440) 410-5123,51738,PERSONAL,4.21,36,2020-01-16
LN_200848,9536,Samuel Richards,3338 Foster Roads,South Ashley,PA,83649-9464,(470) 501-5034,59014,HELOC,7.93,48,2022-10-26
LN_398110,4540,Harold Wise,8888 Michelle Hills,Williamschester,WV,36712-9271,(+16) 552-5169,36294,HELOC,8.16,36,2011-10-21
LN_207417,2817,Brittney Stanley,5934 Bradley Greens,South Juliaberg,OH,76392-9831,(918) 372-2824,46237,AUTO,7.11,72,2021-01-16
LN_521909,2788,William Alexander,169 James Burgs,Lake Julie,OH,17269-8404,(462) 689-5804,37910,PERSONAL,4.79,180,2017-01-21
LN_869705,7742,Ryan Harris,748 Leach Well Suite 713,Port Crystalside,OH,33683-1567,(649) 961-6395,62880,HELOC,8.32,180,2020-03-13
LN_114940,8546,Linda B. Martin,9791 Kelly Forks Suite 975,Cookstad,PA,34954-2248,(406) 683-4260,25638,MORTGAGE,8.12,48,2011-05-07
LN_833534,5118,Robert Sutton,74456 Alexander Meadow Suite 654,Port Carlyburgh,PA,66318-9468,(279) 547-7950,62435,PERSONAL,7.84,180,2013-05-20
LN_928813,7202,Robin Rivas,5171 Karen Fork Suite 851,Smithside,WV,16700-5320,(754) .59-6.51,64592,AUTO,6.65,48,2015-02-16
LN_203722,4613,Cory Wood,815 Kelsey Viaduct Apt. 903,Teresachester,OH,97766-8044,(228) 858-6966,56665,MORTGAGE,5.92,72,2010-11-07
LN_462606,5340,Ashley Hernandez,03580 Richardson Road,West Julie,OH,81386-7919,(508) 385-3488,66799,MORTGAGE,3.74,60,2023-04-13
LN_408763,7897,Anne V. Brown,695 Melissa Spur,Langmouth,WV,80112-4863,(950) 216-9156,49793,PERSONAL,7.11,72,2011-05-25
LN_760149,7950,Stacy Moon,4702 Gonzalez Overpass Suite 765,Stokesview,OH,96885-9036,(687) 966-9494,19898,MORTGAGE,4.96,36,2010-12-12
LN_588504,8204,Shawn U. Martin,53340 Mccoy Centers Apt. 663,West Kimberly,WV,15795-4482,(421) 856-3452,38127,HELOC,4.28,360,2011-01-29
LN_431696,6727,Andrea M. Wright,6517 White Route,New Saraport,OH,80431-4541,(368) 934-9604,15377,HELOC,6.45,36,2012-09-23
LN_951905,5881,John Meyer,482 Reeves Flat Apt. 990,Reillyport,PA,95326-1346,(244) 350-3006,9049,MORTGAGE,7.49,48,2013-04-03
LN_552389,5062,Nicole Smith,49131 Nicholson Route,Jamesfurt,OH,57137-7384,(413) .56-4.63,45178,HELOC,8.06,48,2018-04-08
LN_959232,3410,John Orr,9768 Barber Flat Suite 645,New Mario,OH,53310-7580,(673) .93-3.00,15620,HELOC,5.56,36,2014-02-16
LN_664952,7839,Stephanie Marshall,35823 Barbara River,Carlosville,PA,32101-2815,(+18) 999-7738,57121,PERSONAL,6.56,180,2021-04-23
LN_992205,4015,Sarah B. Perry,61530 Galvan Villages Suite 220,Samanthafort,WV,91736-6822,(477) 890-1043,37190,HELOC,3.93,180,2011-04-24
LN_484401,1977,Nicholas Short,87879 Carol Fall,East Staceyburgh,PA,53695-9690,(458) .81-5.67,61455,PERSONAL,5.26,360,2012-02-16
LN_932165,6939,Nicholas Snyder,29022 Schmidt Loaf,Gonzalezmouth,PA,39787-5795,(001) 846-4519,12582,AUTO,4.49,36,2021-02-22
LN_590044,8279,Michelle Mullins,718 Becky Shore Suite 457,North Joseph,OH,39329-6089,(001) 515-9833,20504,PERSONAL,5.09,60,2013-09-22
LN_995821,8914,Clayton Robbins,68609 Monica Skyway,Johnsonshire,PA,68350-4997,(785) .50-1.05,18732,AUTO,3.51,180,2011-02-02
LN_361957,8136,Mary V. Montgomery,2692 Buchanan Landing,Sandersmouth,WV,24319-7391,(330) 674-2359,53990,AUTO,6.79,60,2011-05-21
LN_581286,6262,Timothy Miranda,1841 Morris Parks Apt. 417,Hinesville,OH,04421-4257,(866) 732-6246,73856,HELOC,7.42,36,2016-06-17
LN_318639,8176,Ann Smith,42763 Taylor Walks,West Cynthiaview,PA,59914-3066,(889) 239-5309,54029,HELOC,6.93,60,2021-12-09
LN_298281,9186,Joseph Wright,5618 Simmons Ports Apt. 583,South Sherry,OH,81901-4917,(001) 274-5709,49625,HELOC,6.1,48,2016-03-26
LN_418446,9061,Sherry Avila,304 Cynthia Mall,Davischester,OH,52131-3455,(380) 781-2268,23923,PERSONAL,5.03,60,2023-09-03
LN_857493,2051,Brittany T. Blake,3203 King Locks Suite 753,Andersonton,WV,32661-3101,(314) 650-5766,8640,MORTGAGE,3.51,48,2024-08-09
LN_806051,2884,Melissa Williams,211 Melissa Court,Port Charles,OH,98697-2851,(281) 358-2686,73008,PERSONAL,6.62,60,2011-06-22
LN_634600,1988,Isaac R. Fitzgerald,20310 Sanders Haven Suite 518,Thomashaven,OH,65824-9494,(001) 997-9888,18969,AUTO,6.29,180,2017-06-19
LN_796714,6772,Dean Mendoza,246 Benjamin Corners Suite 424,East Marie,OH,85527-5383,(497) .32-8.33,47413,AUTO,5.03,36,2013-09-30
LN_839689,9211,Jo Gilbert,03319 Douglas Mountains,West Christianton,WV,18454-3566,(776) .67-5.48,23569,MORTGAGE,5.57,360,2024-10-11
LN_121606,6471,Anthony S. Luna,06511 Gutierrez Estates,Paulamouth,PA,20422-1511,(280) .60-4.96,32798,MORTGAGE,8.47,36,2024-05-05
LN_630317,8789,Joseph Cantu,2455 Cole Manors Suite 606,South Michaelberg,WV,60386-1385,(001) 540-5334,67670,MORTGAGE,4.92,60,2014-03-30
LN_113823,3255,Evan Stevens,7262 Sims Squares,Port Courtneyfurt,OH,91039-2863,(780) 246-4989,12162,HELOC,5.38,60,2016-01-29
LN_656902,5415,Kyle K. Crawford,390 Garcia Coves Suite 967,New Jefferyville,PA,26863-4216,(354) 328-4251,58851,AUTO,6.81,36,2023-06-29
LN_116852,8240,Paul Glover,627 Hernandez Via,Johnchester,WV,86813-6811,(563) 500-7982,46249,PERSONAL,8.46,360,2020-07-23
LN_726041,5916,Teresa W. Oconnor,332 Kathryn Corner Suite 331,Jacobsonland,WV,57042-9844,(797) 344-6970,48594,PERSONAL,4.79,60,2012-07-09
LN_882030,2498,Michael Jones,51050 Lewis Port Suite 381,Campbellborough,OH,69610-7668,(718) .74-9.19,21368,PERSONAL,5.68,72,2011-04-19
LN_728710,7301,William Edwards,3384 Andrew Route Apt. 697,East David,OH,93847-4676,(708) 252-0564,31034,HELOC,5.54,60,2022-09-17
LN_106654,3494,Cory Sanders,0742 Susan Gateway Apt. 936,Port Nancy,PA,23028-7242,(202) 421-6908,28213,MORTGAGE,6.74,60,2014-01-21
LN_882760,7766,Alexander C. Smith,86774 Kimberly Garden,Masonberg,OH,94434-1310,(239) .84-4.95,52161,HELOC,4.43,48,2015-08-10
LN_231824,2761,Amanda Knight,4463 Douglas Pines,Lauraton,WV,76420-6133,(374) 393-9098,20726,MORTGAGE,5.51,72,2015-09-18
LN_330072,9963,Samuel Ramsey,72517 Hale Mountains Suite 731,Andersonberg,PA,52914-8155,(001) 454-5696,29291,PERSONAL,5.8,72,2019-08-01
LN_810438,3892,Michael Lawrence,39378 Brown Rue Suite 195,Millerfurt,WV,23677-1466,(001) 710-2004,19141,AUTO,5.1,48,2023-12-05
LN_706848,6211,James Smith,777 Martinez Hill Suite 518,North Richard,PA,26799-6891,(001) 825-2336,23658,AUTO,7.97,180,2010-12-11
LN_161400,9738,Tiffany Baker,738 Wendy Wall Apt. 614,Jasonmouth,OH,59114-4961,(+14) 549-7893,73677,PERSONAL,5.18,360,2015-08-10
LN_776619,4734,Deborah Pratt,244 Guerrero Club,Livingstonview,WV,56466-5398,(001) 654-4214,5981,PERSONAL,6.84,72,2016-06-26
LN_303791,2331,Jeffery Jones,4902 Williams Way Suite 480,South Joshuaton,WV,31500-9118,(434) .41-6.78,19396,PERSONAL,7.49,60,2023-10-08
LN_583932,5373,Crystal Rios,791 Kirby Road,New Michellebury,PA,50213-7285,(817) 265-9205,23292,AUTO,7.27,360,2022-12-18
LN_407879,9303,Monica Clark,15417 Sullivan Mountain Suite 610,North Andrewstad,OH,78941-1051,(518) 562-4793,43332,HELOC,7.04,60,2011-06-09
LN_850514,6576,Beverly Lynn,49135 Hayes Ridges,Heatherberg,OH,74629-8089,(001) 855-6620,36955,PERSONAL,5.85,180,2017-04-11
LN_851910,6338,Brianna Brown,2999 Oneal Roads,Greenmouth,WV,07403-3786,(+19) 995-9001,67307,AUTO,8.12,180,2021-03-24
LN_234681,2182,Caroline H. Lopez,295 Danny Spring,Patrickland,PA,05725-8450,(001) 732-3165,65766,MORTGAGE,6.49,48,2013-10-21
LN_944669,6167,Tina Williams,91114 Travis Landing,Medinachester,WV,22549-6961,(763) 548-4430,68586,HELOC,6.72,180,2010-11-29
LN_694134,4033,Ricky O. Fisher,940 Carroll Hollow,Johnsonborough,OH,56114-7004,(824) 353-2065,17249,HELOC,7.55,60,2020-07-31
LN_722743,2963,Darrell H. Sanders,03846 Erin Plaza,West Brianfurt,PA,33581-3826,(446) 962-5731,12929,HELOC,4.38,360,2013-03-06
LN_861441,5622,Gloria Sullivan,219 Mark Locks,Fischerton,PA,73577-7222,(001) 284-4369,53027,AUTO,4.26,180,2022-07-28
LN_862092,8921,Cody K. Arnold,90883 Tracy View,West Jamesshire,WV,56403-3849,(001) 478-6274,32394,HELOC,6.56,72,2022-06-30
LN_246887,2834,John Copeland,6511 Sandoval Junction Suite 409,Dakotafort,OH,46579-9676,(698) .49-1.37,50089,PERSONAL,6.95,360,2018-03-23
LN_606160,5287,Angelica Norris,7112 Timothy Inlet,Donmouth,PA,78836-9135,(352) .84-0.13,26873,MORTGAGE,7.38,72,2011-03-26
LN_800685,5406,Roy Taylor,327 Michele Squares Apt. 538,Alvarezberg,PA,47442-5227,(+18) 235-8687,54522,MORTGAGE,6.69,360,2022-04-04
LN_511556,2948,Jennifer Warren,00915 Rodriguez Crossroad,East Haleymouth,WV,62402-1607,(+17) 744-4916,17802,MORTGAGE,4.6,48,2023-08-29
LN_631816,3838,Luis C. Weeks,81312 Carter Mills,New Bettyborough,OH,34043-1333,(635) 905-4076,43632,MORTGAGE,5.35,48,2020-12-21
LN_218642,6889,Stephanie Smith,9641 Joshua Ridge Suite 706,Wallacebury,PA,27466-5753,(526) 280-4085,65568,HELOC,4.79,48,2022-05-02
LN_892955,1935,Traci Walls,798 Bryan Extension Suite 381,Sheilaberg,WV,78627-7257,(322) .69-7.25,51495,AUTO,4.03,360,2017-12-07
LN_613578,7947,Carrie Robinson,961 Green Run,South Stephen,PA,33816-2173,(+14) 627-8314,24974,AUTO,6.64,72,2011-10-04
LN_210781,3060,Tammy Marquez,8815 Stephanie Groves,Russellmouth,PA,33601-8119,(871) 800-6562,30365,MORTGAGE,4.2,72,2023-06-12
LN_800088,4674,William Huerta,8353 Joshua Pine Apt. 101,Hernandezhaven,WV,75100-1157,(644) .36-9.31,53911,HELOC,6.28,180,2015-09-18
LN_824294,5632,Heather Padilla,546 Ferguson Knolls,Josehaven,OH,65680-1647,(217) .65-3.55,69874,MORTGAGE,8.32,180,2014-01-17
LN_586353,7779,Robin M. Martinez,3087 Rivera Crossroad Suite 322,Kennethbury,OH,30742-6589,(+15) 355-8021,41232,PERSONAL,7.12,72,2017-02-22
LN_719025,2638,Daniel Flores,053 Johnson Summit,Lake Timothy,WV,51936-1685,(001) 507-9203,31239,AUTO,3.83,180,2017-09-25
LN_555854,3572,Jennifer Cordova,4122 Turner Dale,Heatherbury,PA,92167-9363,(001) 424-6539,43932,MORTGAGE,6.96,180,2021-03-19
LN_400788,9146,Scott M. George,726 Powers Ranch,West Andrew,PA,12568-3307,(001) 677-3602,51976,MORTGAGE,5.57,48,2024-08-27
LN_719204,8386,Deborah P. Rowe,6290 Berry Curve,Fernandezfurt,WV,30952-5109,(+15) 678-7639,25692,AUTO,6.23,360,2016-02-11
LN_826130,6959,Traci K. Gibson,1481 Beth Junctions,Huntland,WV,74154-6063,(738) .80-7.03,74444,MORTGAGE,3.55,48,2013-06-29
LN_872384,8248,Joshua X. Duncan,2933 Simon Well Apt. 240,Thompsonhaven,OH,11704-9377,(+12) 596-8161,46868,HELOC,6.12,180,2013-04-01
LN_317980,2485,Sydney Cox,201 Erin Creek Suite 444,Travisberg,PA,01013-5386,(940) .95-1.87,15589,HELOC,6.91,360,2022-04-04
LN_964025,5489,James Fletcher,08347 Becker Cliffs Apt. 898,North Gloria,OH,65492-4671,(361) 713-9979,46671,MORTGAGE,7.42,36,2013-10-06
LN_121012,5527,Samantha S. Reid,75504 Callahan Lights Apt. 699,Stacyfort,PA,04082-4076,(707) 517-4811,30399,AUTO,6.75,60,2022-04-03
LN_128873,4146,Zachary Q. Hawkins,8994 Vicki Expressway,Lake Stephanie,PA,17134-1303,(984) 366-1999,55479,MORTGAGE,7.42,72,2016-08-05
LN_972824,2962,Ronald Odom,86293 Christina Coves Suite 787,Juliaside,WV,50980-6900,(001) 947-7401,72722,PERSONAL,4.09,36,2017-02-10
LN_379647,1994,Jenny Campbell,8348 Kristin Points Apt. 586,Port Robert,WV,65319-7223,(966) .94-8.53,61148,MORTGAGE,5.62,48,2014-12-15
LN_818061,5697,Bryan Wall,65362 Xavier Green Suite 590,Washingtonton,OH,03748-3651,(+18) 946-2489,55300,PERSONAL,7.85,360,2015-07-01
LN_641168,4421,Jessica Peterson,05065 Randy Port,Lozanoville,PA,88715-5910,(001) 358-3844,7899,AUTO,3.94,180,2013-02-25
LN_781967,1295,Anna Smith,713 Destiny Extension,North Daniel,PA,71350-9561,(790) 687-1672,17345,AUTO,5.37,48,2019-02-20
LN_965314,3541,Regina V. Deleon,672 Ricky Roads,Lopezland,OH,07916-8683,(367) .27-7.86,27046,AUTO,6.84,60,2018-02-12
LN_477643,5517,Andrew Howard,85952 Montoya Causeway Suite 004,Kristinatown,WV,96534-8975,(566) 305-8809,46652,AUTO,3.71,72,2012-12-03
LN_935826,6489,Lisa Miller,289 William Stravenue,Lake Luke,PA,58488-4183,(298) .84-8.55,24991,MORTGAGE,5.11,360,2016-10-24
LN_407456,5352,Cody Baker,93913 Joshua Ville,Port Jennifershire,WV,91003-2455,(+13) 487-4160,22250,PERSONAL,8.43,180,2024-10-30
LN_120302,7137,Angela I. Williams,28010 Garcia Heights,Johnland,WV,80882-8919,(428) 314-4786,25368,MORTGAGE,6.74,36,2018-01-23
LN_214143,1798,Michael Hendricks,457 Luis Tunnel Apt. 092,Port Molly,OH,65636-6964,(690) 201-6356,24506,MORTGAGE,4.18,180,2023-04-24
LN_364186,9295,Carol Diaz,618 Mary Mountains Suite 021,Ashleyberg,OH,65924-3802,(+15) 435-7638,54935,PERSONAL,7.97,60,2015-06-02
LN_205486,3468,Tina L. Robinson,213 Salinas Orchard Suite 562,South Jamesbury,PA,49493-5853,(406) 645-5804,69100,MORTGAGE,3.66,60,2018-05-21
LN_556757,8577,Jay Hobbs,181 Bates Keys Apt. 506,New Edwin,OH,70674-1234,(+13) 094-9491,42950,HELOC,6.26,360,2015-08-22
LN_675175,5572,Stephen Guzman,548 Joshua Vista,Welchborough,WV,65384-3796,(260) 852-3302,64585,PERSONAL,6.26,72,2016-06-17
LN_355606,7723,Theodore Thompson,400 Todd Run Apt. 247,North Derek,WV,55509-4790,(268) 350-7105,49054,AUTO,7.14,180,2013-04-07
LN_669614,2786,Amy Hinton,4358 Lane Points,North Tammyport,WV,57254-1132,(912) 242-1063,38745,AUTO,6.61,48,2019-12-26
LN_416221,7830,Tiffany Sanchez,425 Brian Underpass,Moniquehaven,WV,77057-6889,(931) .47-9.12,18985,MORTGAGE,8.5,36,2024-12-06
LN_852772,5478,Robin Hughes,567 Roberts Locks,South Anntown,WV,63480-3450,(619) 691-9817,25882,MORTGAGE,4.29,180,2015-09-06
LN_335053,8999,Laura Lee,97236 Brent Plains,New Nicolechester,PA,11468-8256,(762) 901-6555,49961,AUTO,7.01,180,2023-12-03
LN_408629,8001,Randy Colon,190 Michael Shores,Lake Jeremy,WV,93529-6626,(571) 955-8686,64561,PERSONAL,6.72,180,2021-05-04
LN_338102,6746,Joshua Cox,434 Villa Corner,North Tannerview,PA,75980-2564,(649) 857-4218,72033,MORTGAGE,4.31,48,2013-01-06
LN_649638,8411,George L. Stone,0772 Wesley Village Apt. 665,Lake Matthewstad,OH,49051-9973,(340) .90-2.67,55317,PERSONAL,8.28,360,2020-09-21
LN_375913,4695,Michelle Rodriguez,970 Webster Rapid,Travisburgh,OH,43576-4434,(378) .44-4.48,26004,AUTO,8.05,180,2018-01-12
LN_910749,6705,Ronald Smith,2357 Christian Ridges,Bethland,PA,11071-3714,(001) 269-9921,28908,MORTGAGE,7.71,48,2018-12-22
LN_852811,1158,Robert N. Wise,704 Jonathan Loop Apt. 420,Daughertyside,WV,10802-9404,(400) .56-8.14,46170,HELOC,7.86,360,2020-11-04
LN_345762,9665,Wesley Q. Rodriguez,838 Bell Parks Apt. 026,Richardsonfurt,WV,70475-3807,(429) 759-1257,23717,HELOC,7.92,180,2020-02-22
LN_682182,1582,Jason S. Garrison,25031 Brenda Parkway Apt. 485,East Edwardchester,PA,12981-2922,(+13) 902-1933,23858,AUTO,5.31,72,2019-04-28
LN_453901,7337,Lance Martin,621 Joyce Brooks Apt. 540,Danielborough,WV,75105-6726,(554) 852-5517,73200,AUTO,8.23,360,2020-05-31
LN_745654,9406,Tommy Kelley,3719 Mullins Spur Apt. 769,Fernandezfurt,WV,39271-9932,(454) 842-1578,53380,PERSONAL,6.67,36,2022-12-15
LN_505809,3305,Vincent Mccann,15999 Novak Islands Apt. 477,West Angela,WV,49708-9372,(829) 761-9431,47306,MORTGAGE,7.22,180,2015-12-29
LN_398144,1011,Ryan M. Kennedy,31645 Angela Fields,Prestonburgh,OH,46216-8679,(903) 753-3210,69420,HELOC,4.16,72,2015-12-20
LN_782446,2105,Amber Sanchez,60256 Robinson Glens,Lynnville,OH,87726-9458,(787) 815-3991,5112,HELOC,7.77,36,2025-02-02
LN_870704,8319,Brian P. Martinez,53584 John Roads,Davidport,OH,81035-6228,(+17) 182-2992,63946,AUTO,7.74,36,2014-07-26
LN_767080,9243,Patricia Jackson,3961 Mary Stream,Ramirezshire,PA,78311-4897,(365) 679-6784,41192,HELOC,4.88,360,2011-01-15
LN_164328,1643,Danielle Alexander,17563 Nicholson Centers Suite 021,New Craigfurt,WV,24434-1309,(596) 996-7278,9057,AUTO,4.75,60,2013-03-18
LN_102736,2005,Jennifer R. Woods,84672 Michael Forge,Jillianland,OH,77257-6678,(428) 622-2501,30759,AUTO,4.6,180,2019-06-07
LN_859850,2627,Jessica Murphy,8150 Garcia Squares Suite 380,East Derrickfurt,PA,29364-4488,(+12) 348-7272,33104,AUTO,7.36,48,2013-04-07
LN_165265,6504,Danielle B. Parker,042 Erica Estate,North Leslie,PA,74382-3324,(757) .73-3.68,35737,PERSONAL,7.39,48,2015-06-14
LN_491655,4764,Crystal Harris,34444 Carolyn Cape,Webbmouth,PA,55805-9817,(+13) 657-2406,71235,PERSONAL,6.9,48,2015-04-30
LN_242462,9924,Mark Jones,743 Tyler Path Apt. 207,Port Margarettown,WV,27696-2170,(381) .80-1.03,14215,HELOC,5.43,72,2017-07-22
LN_648878,1137,Jasmine Black,3139 Thomas Plains,Velasquezhaven,PA,59539-1673,(213) .20-4.23,50880,PERSONAL,5.48,360,2019-11-05
LN_263787,4604,Robert Mitchell,2378 Park Neck Apt. 277,Johnsonchester,WV,99863-4314,(295) .81-3.68,41574,AUTO,6.82,48,2016-10-15
LN_873019,5999,Devin Barrera,619 Douglas Station,Port Susanshire,OH,40467-7552,(+18) 498-4345,44516,HELOC,6.94,72,2018-08-21
LN_947005,9426,Brandon Brennan,628 Melvin Vista Suite 777,North Joshuashire,PA,61337-7502,(868) 621-1956,26026,HELOC,4.37,180,2013-08-18
LN_829318,6081,Kevin Rhodes,77186 Richard Street,Navarrohaven,PA,54392-5193,(563) 238-6381,69668,MORTGAGE,5.29,60,2015-02-21
LN_620465,1606,Dylan Anderson,0801 Richards Branch,Nicoleberg,OH,42382-7469,(473) .83-7.77,10847,AUTO,6.7,60,2012-10-10
LN_549302,7056,Kenneth Gonzalez,55469 Jared Stravenue Suite 931,Port Matthewland,WV,74893-6851,(932) .83-8.15,68140,PERSONAL,7.12,36,2023-10-12
LN_677582,2574,Bailey Perez,79251 Randy Route,East James,PA,86004-8169,(313) 670-2098,50371,AUTO,6.05,48,2016-06-01
LN_273132,2771,Laurie Boone,47853 Quinn Plain Apt. 649,West Kellytown,WV,79790-1919,(886) 405-2102,63154,PERSONAL,7.38,48,2018-11-21
LN_450621,4387,Christopher X. Patton,6061 Jones Knoll,Haleymouth,PA,45616-7500,(+18) 496-3917,29853,PERSONAL,4.07,180,2024-07-24
LN_783705,1315,Allison Barton,134 Sanchez Views,West Jasonhaven,PA,69833-5566,(+18) 933-1290,7874,HELOC,5.37,60,2020-07-21
LN_369852,7214,Caroline Cervantes,384 Williams Springs,South Dawn,PA,47002-4801,(539) 299-4285,5607,MORTGAGE,6.4,360,2018-12-11
LN_814778,3553,Jack Cox,815 Vargas Gardens Apt. 819,Lunamouth,PA,40259-3583,(387) 761-5048,34210,HELOC,5.78,60,2014-12-01
LN_705305,2814,Christine G. Mccullough,4362 Rodriguez Run Suite 496,East Jeffside,OH,21042-8977,(+18) 685-6270,63753,PERSONAL,5.5,36,2012-07-21
LN_367933,2131,Jennifer James,508 Joseph Meadow Apt. 068,Watsonborough,OH,18319-4412,(847) 641-4124,5085,AUTO,8.12,72,2011-05-07
LN_688012,8754,Jennifer Hernandez,52480 Phillip Expressway,South Ericberg,OH,32210-2937,(+12) 593-4737,62604,MORTGAGE,6.52,360,2018-07-12
LN_848630,9362,Aaron Baker,46273 David Harbor Suite 195,Cunninghamview,OH,82813-4893,(+14) 717-5890,16264,HELOC,3.62,360,2024-04-11
LN_807074,4052,Daniel Ramsey,79339 Brown Crest Suite 616,West Thomasfurt,WV,10050-3354,(229) 665-4419,29759,MORTGAGE,7.55,48,2019-11-12
LN_565254,2984,Amy Haney,4436 Tonya Drive,Port Kevin,WV,17769-1663,(552) 616-0252,6475,AUTO,6.32,36,2021-07-21
LN_732346,1812,Clayton U. Rose,0070 Craig Drive,East Jenny,PA,22688-3303,(001) 368-8390,53183,HELOC,5.22,60,2010-09-03
LN_605443,5274,Stephen C. Potts,72224 Nicole Centers,Olsenchester,OH,34441-9094,(+12) 878-1775,39128,MORTGAGE,4.19,60,2012-11-27
LN_235818,6499,Jennifer L. Williams,6955 Guzman Union,West Michelle,PA,67125-1927,(610) .78-2.27,58685,MORTGAGE,6.45,60,2012-06-27
LN_713872,3796,Amanda X. Brooks,0623 Colin Lake,Lake Sylviamouth,WV,41794-6093,(796) 879-2960,74991,PERSONAL,5.54,72,2024-01-29
LN_354262,8755,Laura Bradford,15958 Santos Road Suite 491,Browntown,WV,44629-8229,(322) 618-1698,62431,MORTGAGE,8.37,180,2020-08-11
LN_280562,8608,Elizabeth Turner,7292 Virginia Estates Apt. 679,Bradleytown,WV,13463-5648,(441) 538-2738,63996,HELOC,7.24,48,2023-10-24
LN_204656,6183,Gail Mitchell,3122 Rodriguez Motorway Suite 497,West Andrew,WV,07006-2287,(+15) 023-1442,65583,PERSONAL,6.05,72,2015-04-09
LN_423783,8351,Tyler Shields,5292 Cooper Viaduct Suite 680,Rogertown,WV,00689-3706,(458) 612-3624,10783,MORTGAGE,4.04,180,2025-03-11
LN_911057,4189,Veronica Bowman,30564 Jason Port Suite 376,Thomasberg,OH,32826-9356,(001) 388-2496,18487,AUTO,7.77,48,2016-12-05
LN_729791,6933,Tammy Q. Pacheco,0489 Michele Locks Suite 257,Brownborough,PA,70014-9910,(379) 851-1812,73740,PERSONAL,8.09,360,2020-09-20
LN_861391,4186,Justin T. Hansen,27619 Joel Mountains Suite 311,Port Georgemouth,WV,90986-7967,(375) .79-3.35,46268,MORTGAGE,4.13,60,2020-07-23
LN_217844,1724,Alexandra Lewis,9919 Robert Field,West Joycebury,OH,40682-9107,(391) 397-4708,46466,AUTO,4.36,360,2019-09-28
LN_442337,6571,Wyatt Trevino,61620 April Crossing,East Samuel,WV,15399-3445,(867) 228-7286,66081,HELOC,7.19,72,2015-06-07
LN_977013,3924,Katherine Lewis,6678 Austin Throughway,East Josephville,OH,17595-7331,(+16) 289-8104,14916,PERSONAL,5.93,360,2025-01-26
LN_489176,4234,Kyle Wang,176 Jason Center Apt. 815,Silvashire,PA,05952-7554,(405) .96-9.51,68306,HELOC,7.94,360,2017-05-25
LN_601278,7270,Patricia Chapman,348 Jackson Plains,Jessicafort,OH,96344-5333,(+12) 977-3638,65383,AUTO,4.0,360,2010-12-09
LN_899077,9575,David Harris,11845 Rodney Shoals Apt. 340,Donnamouth,PA,18832-1562,(001) 375-2859,66250,PERSONAL,5.1,60,2024-12-15
LN_983814,8662,Terri Barnett,56529 Julie Union Suite 032,East Cynthiabury,PA,21719-6095,(650) 997-7539,50513,PERSONAL,8.3,48,2024-06-14
LN_268822,3635,Lisa Lara,4267 Monica Land Apt. 272,Lesliestad,WV,29416-3952,(675) .96-5.69,71651,PERSONAL,4.67,72,2022-10-22
LN_622534,3408,James Ramirez,18188 Carr Road,East Susanshire,PA,32668-8022,(275) 538-4811,33187,AUTO,7.73,360,2011-12-25
LN_101318,8813,Misty B. Mendoza,8201 Julie Points,Brianhaven,OH,29165-6785,(+17) 852-0765,36154,PERSONAL,7.72,36,2022-01-18
LN_531520,5122,Adam Zamora,16731 Robert Oval Apt. 243,Fosterport,PA,48276-9303,(328) 541-7722,8473,MORTGAGE,5.87,48,2015-07-25
LN_921963,9376,Jill H. Wright,290 Baird Canyon,Quinnhaven,WV,04907-5130,(786) 671-7731,48850,AUTO,4.71,48,2020-08-18
LN_612943,4980,Jean Gonzalez,53669 James Park,Hallview,OH,17477-1786,(585) 962-8372,6185,MORTGAGE,5.56,60,2012-02-15
LN_887511,7770,Hannah N. Evans,25999 Baird Ford,Brownfurt,OH,25186-8607,(915) .29-7.41,73371,PERSONAL,4.72,36,2014-11-08
LN_563724,1659,Michael Graham,001 Rasmussen Summit,Lake Victoriaborough,WV,36008-2449,(579) 445-9235,42177,AUTO,4.13,360,2019-09-08
LN_912789,6866,Melissa Ortega,8446 Roman Freeway Suite 533,Hernandezberg,OH,05324-3843,(309) 612-1722,22141,PERSONAL,3.78,36,2017-10-26
LN_377161,3078,Michael A. Marquez,85759 Shane Centers Suite 080,Kyleland,OH,34360-9549,(674) .34-7.35,70508,MORTGAGE,5.85,180,2021-02-17
LN_913213,1802,Jonathan Pena,804 Laura Flat,Angelaland,OH,44232-4154,(773) .75-8.66,36895,PERSONAL,4.64,180,2019-05-20
LN_685043,9652,Katie Griffin,3685 Deborah Circle Suite 182,Christopherville,OH,04501-8701,(318) .66-7.20,45805,PERSONAL,7.85,36,2024-11-11
LN_790930,1773,Alicia S. Logan,20060 Aaron Motorway Suite 366,Hodgeshaven,WV,47127-6726,(001) 587-7715,59002,AUTO,7.28,360,2025-02-03
LN_807029,2240,Stephanie W. Holt,948 Wong Hills Suite 988,Lake Christopherstad,PA,59727-4654,(+18) 889-7071,58191,PERSONAL,4.05,36,2010-12-27
LN_618013,9055,Bradley Roy,5449 Bradley Heights Suite 453,North Angelaside,PA,16331-3933,(001) 889-4655,12122,PERSONAL,4.64,48,2012-06-11
LN_847088,4425,Joseph Brooks,453 Hurst Lock,Lake Justintown,OH,58899-7967,(+16) 865-3210,63936,AUTO,3.7,60,2023-12-13
LN_347796,2500,Jacob Campbell,363 Mccarthy Valleys Apt. 892,Port Brittany,PA,83663-5311,(831) 226-0432,47020,HELOC,5.62,360,2018-06-21
LN_413879,9037,Ashley J. Hunt,87870 Ann Corners,North Jenniferbury,WV,62531-2103,(+12) 529-3314,6870,PERSONAL,7.47,36,2016-11-02
LN_531352,2336,Stephanie Erickson,173 Adam Lodge Suite 487,Woodhaven,WV,12345-8205,(691) 466-5517,49116,MORTGAGE,4.05,360,2017-10-18
LN_164793,1947,Shawn Oconnell,1090 Padilla Knoll Apt. 940,Jacksonbury,PA,37265-6311,(215) 404-1170,16364,HELOC,7.48,180,2010-08-29
LN_436237,6948,Jeffrey Barrett,13649 Bird Cove Apt. 419,Tinafurt,WV,89354-3409,(001) 525-2257,14176,MORTGAGE,6.19,72,2015-03-25
LN_211124,9029,Jimmy Fischer,65176 Alicia Row Suite 281,South Erik,OH,34678-4898,(230) .58-0.03,18847,HELOC,6.36,60,2018-02-07
LN_986331,8097,Bradley Sullivan,3869 Larsen Harbors,North Benjaminland,OH,22922-1861,(001) 927-9243,53787,HELOC,4.56,72,2011-08-06
LN_616740,3601,Lisa Z. Burton,24236 Scott Stream Apt. 738,North Jefferyland,OH,69383-3351,(334) 313-5716,5990,MORTGAGE,4.61,72,2024-06-22
LN_643187,8895,Jocelyn Todd,48433 James Row,West Hunter,OH,50155-3225,(732) 439-4564,67245,HELOC,7.22,48,2022-03-08
LN_557428,1377,Michael Campbell,42369 Kelly Bypass,Fitzpatrickbury,WV,89433-6425,(+14) 665-6144,14381,MORTGAGE,4.19,36,2015-03-04
LN_516708,9301,Frederick X. Potter,736 Dustin Garden,North Jonathanbury,WV,54397-6320,(375) 884-6648,27136,HELOC,4.34,60,2016-08-07
LN_110469,3968,John Kelly,97396 Garcia Tunnel Suite 899,Obrienfurt,WV,06019-8603,(+18) 192-1911,50643,PERSONAL,5.51,360,2023-07-19
LN_136930,3101,Craig Rivas,75331 Brown Skyway,Paulabury,OH,65887-9914,(+19) 704-8604,28586,AUTO,5.42,72,2011-02-16
LN_654623,9325,Amy Barnes,611 Jose Shores Suite 768,East David,PA,21734-7645,(992) 337-8584,36323,PERSONAL,7.79,360,2014-01-29
LN_228302,2412,Donald M. Hernandez,08772 Nicholas Rapid Suite 673,Christinehaven,OH,91782-1385,(801) 750-0858,57241,AUTO,6.91,60,2013-02-14
LN_239607,4194,Megan R. Hudson,932 Sherry Curve,Ibarrastad,PA,60080-9818,(+14) 893-8260,55828,HELOC,5.55,180,2025-03-02
LN_160055,9303,Thomas S. Bennett,6676 Williams Ridge Suite 833,Kimberlytown,WV,02790-7679,(+14) 524-2426,40477,PERSONAL,5.67,60,2025-05-10
LN_612169,3303,Erik Stephenson,443 Shea Spurs,Michelleton,PA,47166-4841,(645) 805-0928,56881,HELOC,6.51,60,2017-06-18
LN_436645,3726,Chad C. Farley,284 Logan Hollow Suite 494,Port Bradleyburgh,OH,55667-3362,(288) 265-8072,22049,MORTGAGE,5.8,72,2019-02-22
LN_940717,5583,Tommy Cummings,0511 Mccarthy Rest,Donaldhaven,WV,65280-8724,(867) .30-4.25,65757,PERSONAL,3.96,48,2022-09-14
LN_287825,9869,Michael Lamb,3363 Susan Prairie Apt. 896,New Ginaville,PA,86912-9924,(456) .28-6.34,34137,MORTGAGE,6.31,72,2023-12-17
LN_534263,8459,Richard J. Ferguson,7017 Susan Lodge,North Nicole,PA,39599-5913,(523) 286-0205,12026,MORTGAGE,5.24,36,2019-04-09
LN_898159,6659,Taylor Caldwell,0883 William Lock Apt. 416,West Jeffreyview,WV,29315-1520,(001) 849-6189,37745,HELOC,8.37,48,2022-11-05
LN_809895,9132,Timothy Jackson,0182 Jennifer Neck Apt. 002,New Kelly,OH,17207-1228,(+13) 323-2041,14517,HELOC,4.5,72,2019-08-19
LN_689972,4674,Daniel N. Love,709 Sergio Valleys,South Abigail,PA,08466-7225,(686) .46-9.32,72884,MORTGAGE,5.87,60,2017-03-14
LN_783983,2521,Breanna B. Schmitt,181 Carr Plain,South Trevor,PA,35042-5057,(+18) 039-2177,6430,MORTGAGE,3.63,48,2022-12-25
LN_757214,2983,Jennifer Reyes,6617 Mary Bridge,West Theodoreside,OH,24271-5930,(875) 799-1173,68123,HELOC,6.97,180,2021-07-05
LN_811349,5454,Chase Branch,8263 James Crossroad Suite 610,Jennifershire,OH,83067-1563,(+12) 317-8044,34231,PERSONAL,6.7,360,2016-09-24
LN_578693,8841,Teresa Huff,173 Nicholas Forges,West Deborah,PA,00999-7452,(+13) 874-2447,18193,HELOC,6.68,72,2024-08-12
LN_414066,5219,Anthony Robertson,799 Barnes Summit,Jerryville,WV,43247-1881,(913) .26-3.63,13536,PERSONAL,5.24,60,2013-04-07
LN_851444,4835,Bruce Villa,0610 Williams Trail,South Lindastad,OH,32565-8266,(628) .91-7.74,6812,MORTGAGE,5.13,60,2022-05-08
LN_665581,9430,Crystal Miller,7962 Leonard Parkways,Warestad,PA,38781-3373,(001) 399-2779,74889,PERSONAL,4.57,48,2022-11-07
LN_234361,1241,Veronica X. Miller,9692 Hicks Plaza Suite 653,South Cassandra,PA,76252-5825,(338) .94-6.89,59927,AUTO,8.15,72,2017-07-27
LN_950201,6741,Mackenzie M. Hoffman,99255 Edward Mount,South Michelle,OH,15391-8094,(+14) 648-8072,39057,HELOC,4.93,360,2019-04-01
LN_501564,8352,Jacob Lawson,236 Corey Overpass,East Randystad,OH,85017-9794,(+16) 388-8217,64567,PERSONAL,8.05,36,2012-07-23
LN_458429,3949,Sherry Frank,651 Jamie Highway Apt. 082,Christopherton,PA,15903-8322,(906) 544-9035,16825,AUTO,7.07,60,2024-08-16
LN_361967,4989,Kevin Donaldson,56915 Stephanie Row Apt. 058,New Victorfurt,PA,22165-6082,(304) 866-1010,62434,MORTGAGE,4.29,360,2019-03-16
LN_495673,6873,Alexis Curtis,445 Andrade Mews,Reillyfurt,PA,20232-3121,(736) 971-1712,54378,HELOC,6.59,360,2015-10-06
LN_170884,1185,Tara Smith,429 Jeff Isle,Shaneport,WV,21942-1711,(998) 335-9667,27321,PERSONAL,5.74,60,2013-02-01
LN_918548,6240,Anthony G. Wade,67872 Potter Tunnel Suite 862,North Lauraberg,PA,20888-4365,(680) 930-5690,26412,AUTO,5.19,36,2021-07-14
LN_235082,6868,Adam Rodriguez,451 Aguilar Courts,Brandistad,PA,43347-5532,(+14) 388-7368,49280,PERSONAL,3.88,36,2018-08-15
LN_179068,4052,Craig V. Marshall,6924 Johnson Walk,North Sarahborough,WV,08258-9891,(786) 843-2314,46098,PERSONAL,4.67,360,2016-02-07
LN_901721,2928,Deanna Q. Mcgrath,35180 Linda Inlet Apt. 149,Port Amanda,WV,67417-4931,(516) 434-4779,25214,HELOC,6.31,36,2021-09-15
LN_411402,5167,Cindy Price,2439 Patel Shoal Apt. 959,East Kendra,OH,27520-7218,(521) 508-9028,18638,PERSONAL,5.28,36,2014-02-02
LN_111553,9753,Deborah Burnett,7961 Mercado Field,East Joanneburgh,OH,34258-8133,(782) 947-0807,35175,PERSONAL,7.39,48,2015-07-19
LN_270198,9591,Elizabeth S. Holder,649 Davis Lodge Suite 068,East Mark,WV,79154-9603,(301) 861-2590,33519,PERSONAL,7.75,60,2011-02-07
LN_567103,2161,Cesar Q. Matthews,3084 Timothy Locks,Lake Chloe,WV,52637-5499,(644) 477-2508,69645,MORTGAGE,4.58,360,2014-09-14
LN_620194,7122,Randall Morgan,6713 Griffin Spur,Lake Karinahaven,WV,66099-7397,(226) 739-5612,47007,PERSONAL,6.06,48,2018-10-06
LN_468241,8763,Elizabeth K. Williamson,987 Conrad Light Suite 155,Tiffanyton,OH,15003-1729,(892) 292-0753,68629,PERSONAL,4.52,48,2020-11-01
LN_440919,3572,Michael Sanders,9630 Adams Forge Suite 085,Emilychester,OH,51799-9721,(866) .54-0.47,66990,PERSONAL,7.74,48,2024-10-24
LN_266342,6043,Jennifer Martinez,704 Karen Prairie,Williamshire,PA,14019-2219,(285) 951-1639,51832,MORTGAGE,3.66,360,2023-06-26
LN_126461,1932,Andrea I. Wilson,46318 Williamson Prairie Suite 633,East Jamesview,OH,20902-1004,(233) .48-8.31,18770,HELOC,6.35,48,2014-06-22
LN_177354,7738,Bradley E. Williams,43370 Kristen Street Apt. 744,South Anita,WV,11307-8795,(+16) 637-8762,44030,MORTGAGE,6.14,360,2014-12-14
LN_571930,6559,Robyn Miller,8047 Melvin Spur Suite 452,West Xavier,OH,34851-4238,(001) 414-3808,37080,HELOC,4.02,48,2018-05-31
LN_338279,9968,Rick O. Daniels,6909 Woods Knoll,Karenchester,PA,71046-8749,(001) 489-9373,10377,AUTO,3.75,48,2019-06-22
LN_812933,9363,Paul R. Preston,377 Johnson Crossroad Apt. 864,East Kelli,OH,04259-2830,(565) 809-9621,8205,PERSONAL,5.2,360,2021-10-15
LN_339084,9364,Gail Allen,60199 Tiffany Point Suite 808,Smithville,WV,62272-3642,(986) 371-5207,14481,PERSONAL,5.16,60,2013-12-26
LN_514017,5799,Joshua Parker,317 Burgess Wells Apt. 601,Millerhaven,WV,62684-9501,(001) 663-5073,24911,AUTO,4.31,36,2022-12-17
LN_885468,8842,Brandon F. Payne,9030 Justin Summit,Doyleland,PA,10770-8307,(702) 773-0238,53714,AUTO,5.92,180,2012-11-27
LN_815945,9792,Kelly F. Pugh,33793 Clarke Underpass Suite 997,Fergusonfurt,WV,01129-1141,(355) .67-1.74,8702,AUTO,3.95,36,2013-10-07
LN_484397,3292,Timothy Trujillo,90255 Chambers Underpass Suite 442,New Lisashire,WV,71281-8738,(947) .28-1.22,25869,HELOC,5.99,48,2011-04-30
LN_741682,3768,Christy F. Vasquez,821 Meghan Viaduct,North Connorstad,PA,99729-5463,(906) 209-7849,48570,AUTO,4.22,60,2017-02-27
LN_379700,3577,Joan Greer,69524 Kathleen Shore,Sparksborough,WV,38978-4269,(+19) 777-8485,52081,AUTO,5.03,36,2013-04-01
LN_625897,2980,Lucas M. Brown,4533 Stacey Terrace Suite 950,Johnsonmouth,OH,85117-4167,(211) 937-1346,41201,MORTGAGE,7.71,360,2015-06-01
LN_611628,7273,Karen P. Ross,666 Castillo Lock Apt. 852,New Emilymouth,OH,84486-1179,(796) 245-5217,67219,AUTO,8.34,36,2018-07-14
LN_726225,8695,Daniel Alexander,26962 Hanna Vista,Katherinefort,PA,97057-5330,(224) .59-1.39,67705,AUTO,7.54,60,2017-11-21
LN_501989,3971,Patricia Miranda,52431 Charlotte Isle Suite 830,Johnland,OH,98469-5430,(925) 926-4974,18173,MORTGAGE,5.58,360,2016-04-25
LN_180540,6113,Katie Cox,70259 Davis Creek Suite 358,North Larry,PA,01318-8559,(+13) 778-5130,47473,HELOC,4.54,48,2022-12-10
LN_116251,6660,William Tanner,1726 Anderson Shoal,Richardtown,WV,34447-6038,(807) 400-1441,29849,PERSONAL,5.79,60,2023-10-01
LN_216790,6237,Robin Pope,08815 Andrew Prairie Apt. 336,Colestad,WV,18993-6670,(001) 479-9253,50932,PERSONAL,5.0,72,2024-05-31
LN_904108,2828,Keith Porter,0107 Woods Trail,West Jasonmouth,PA,05290-6488,(258) .81-6.54,61034,MORTGAGE,6.05,72,2018-11-28
LN_912969,6035,Roberta D. Brown,6989 Mendoza Gardens,Johnmouth,OH,28638-2680,(425) .28-0.15,5913,PERSONAL,4.27,72,2013-01-11
LN_238427,2518,Nicholas Kaiser,7000 Robert Points Suite 644,Crawfordport,WV,75526-5052,(797) .24-1.63,45392,PERSONAL,7.88,36,2013-11-26
LN_920162,1981,James Gregory,4688 Burch Viaduct Apt. 924,Lake Timothystad,PA,73185-6303,(481) 841-2478,18054,PERSONAL,4.84,360,2023-11-12
LN_916781,5471,Isabel Baird,0860 Rodriguez Lakes Suite 563,Pattyburgh,OH,05860-5199,(805) 434-7491,36858,PERSONAL,4.58,60,2012-04-08
LN_201570,9913,Michael H. Morrison,804 Jennifer Ridge,South Christopherfurt,WV,06827-2600,(633) .50-8.54,68410,PERSONAL,7.17,180,2020-07-27
LN_741728,4689,Gerald Powell,65307 Prince Brooks Suite 444,Garrisonville,PA,30379-8062,(947) 554-6913,61236,PERSONAL,7.09,48,2023-08-09
LN_218446,2566,Robert Baker,287 Jose Knolls,Codyland,PA,86159-4113,(803) 839-0596,46326,PERSONAL,5.28,36,2018-12-17
LN_341407,6502,Tina Fuentes,24983 Kim Hills Suite 146,Lindseyfurt,WV,76712-1630,(001) 538-7925,13346,HELOC,8.4,360,2011-11-09
LN_244197,5900,Jessica Pierce,85794 Cameron Wall Suite 415,South Willieshire,OH,73581-5700,(211) 788-1167,7312,HELOC,7.48,72,2023-07-24
LN_689879,9438,Ryan Jordan,0083 Dodson Islands Apt. 003,Lake Natalie,OH,41407-9177,(616) 689-4210,18412,PERSONAL,4.41,60,2015-08-30
LN_743959,2262,Carl Nelson,00133 Martha Spur,Lake David,PA,72269-8967,(001) 304-7011,31294,HELOC,5.85,60,2024-09-05
LN_873442,2035,Sara Nguyen,621 Lloyd Shoals,Lake Kevinside,WV,72676-1271,(732) 655-3983,7120,PERSONAL,4.51,72,2021-10-01
LN_523972,2714,Curtis Lewis,29578 Glen Spring,East Erica,OH,44635-1236,(262) .33-4.22,18564,PERSONAL,4.81,60,2016-01-17
LN_539353,4848,Antonio Wilson,226 Jared Causeway Apt. 360,Taylorbury,WV,42737-6676,(528) 930-3424,37636,PERSONAL,5.51,360,2022-02-09
LN_140682,3557,Luke Fisher,9301 Brian Camp,New Lorishire,PA,31276-7120,(487) 581-0480,73720,HELOC,4.13,60,2018-10-02
LN_702940,5539,Melissa Cruz,27379 Singh River,South Alanmouth,WV,39849-2572,(+12) 182-6746,59394,PERSONAL,3.84,180,2023-12-14
LN_161628,4028,Michael Reed,2230 Lopez Mall,Harrisstad,OH,64769-4040,(256) .29-4.29,74465,AUTO,5.93,36,2010-11-15
LN_726714,2131,James Lawrence,263 Kerr Street Suite 788,West Mark,OH,81720-1878,(398) 978-1339,24415,PERSONAL,8.09,180,2012-12-17
LN_656627,5816,Joseph Berry,005 Donald Union,Travisberg,OH,72756-7051,(+19) 704-3220,68260,PERSONAL,3.74,180,2012-10-07
LN_694100,5389,Margaret Edwards,268 Jennifer Road Suite 081,Melissashire,OH,86603-4516,(202) 532-3585,20304,PERSONAL,7.9,48,2011-01-18
LN_879869,7098,Joseph Anderson,886 Anthony Knoll Apt. 995,Smithchester,OH,51330-2198,(001) 418-3398,9847,MORTGAGE,3.68,360,2022-05-03
LN_746099,9704,Christopher M. Mills,5769 Osborne Spring,Mollyville,PA,28120-6699,(+19) 855-5323,10227,AUTO,5.17,48,2012-11-02
LN_925186,4781,Katherine Clark,5793 Lance Run,Johnview,PA,15579-8609,(001) 596-6459,52039,MORTGAGE,7.91,36,2023-01-10
LN_725288,1135,Tyler Cruz,339 Carrie Trail Suite 310,Christopherside,WV,66637-3136,(557) .98-7.82,51842,MORTGAGE,5.85,72,2019-08-20
LN_780396,7962,Shannon Andrade,4411 Michael Tunnel Suite 286,New Tina,WV,92435-1502,(924) 702-3849,30368,PERSONAL,6.37,360,2019-08-14
LN_268859,9430,Stephanie Edwards,56178 Steven Ford,Lake Craig,WV,79527-2367,(406) 913-6385,24552,MORTGAGE,5.94,72,2012-05-31
LN_972736,8159,Ashley Foster,210 Jack Crossroad Suite 145,Timothyshire,OH,83587-8413,(437) 823-7660,41031,PERSONAL,7.71,360,2011-04-16
LN_642603,5465,Scott Rhodes,6234 Skinner Dam Suite 760,North Angelaville,OH,67895-1259,(803) 606-8317,34851,MORTGAGE,6.73,60,2018-10-05
LN_781157,5073,Theresa Nelson,7118 Victoria Bypass,Matthewland,OH,41897-4204,(001) 531-6195,35640,HELOC,8.24,72,2016-11-07
LN_993244,4704,Natalie Davis,703 Davis Corners,Emilyshire,PA,58815-1901,(350) 409-7064,22876,MORTGAGE,5.13,180,2012-01-19
LN_798360,5093,Christopher Williamson,826 Donald Islands Suite 574,New Rhondastad,WV,83506-3308,(589) 606-6036,13498,AUTO,4.79,36,2023-10-02
LN_283338,2226,Donald Phillips,7442 Seth Lake,Hallview,OH,77414-3016,(846) 751-4444,18365,HELOC,6.74,360,2021-09-07
LN_940226,4622,Monica W. Cardenas,307 Murphy Walks Suite 490,Port Karen,PA,08149-6924,(571) .94-6.50,32957,MORTGAGE,4.48,360,2018-04-04
LN_861786,5758,Brenda M. Kelly,7472 Jeanette Land,Davidfort,PA,66563-5207,(790) .84-9.75,51944,MORTGAGE,4.9,60,2013-10-03
LN_494129,7379,Kenneth Ho,6128 Benson Parkway,Taylorchester,PA,61652-9821,(767) 408-0612,64099,HELOC,6.75,72,2020-08-24
LN_111404,7372,Mark Jones,050 Johnathan Lakes,New Jill,PA,24970-5891,(972) .60-4.76,14429,AUTO,4.16,360,2021-06-10
LN_530085,2304,Adam Thompson,931 Jacob Vista,Katelynbury,OH,21790-8383,(294) 696-8436,57527,AUTO,5.82,36,2018-01-02
LN_723279,3317,Brian K. Perry,84173 Danielle Land,East Jonathan,PA,56603-5615,(454) 861-2038,38711,PERSONAL,3.98,60,2024-09-30
LN_103161,4757,Michelle Sutton,4071 Robinson Creek Apt. 564,West Melissa,PA,23793-2471,(001) 487-3531,71928,MORTGAGE,7.67,180,2016-01-20
LN_267723,3829,David Pope,1072 Becker Pike Suite 982,Tommyland,OH,39131-1521,(670) 234-9107,72701,PERSONAL,4.24,180,2014-05-14
LN_771029,7847,Todd Moody,44327 David Keys Apt. 067,Arielmouth,WV,49955-6785,(892) .82-8.77,61442,MORTGAGE,5.71,360,2024-12-19
LN_265465,5322,Michael Bennett,203 Robertson Tunnel,Port Sara,WV,83028-9195,(+17) 799-5196,31330,PERSONAL,5.41,48,2011-07-19
LN_136775,7568,Dawn E. English,227 Bennett Greens Apt. 490,East Saraside,OH,42886-8496,(825) 951-3444,7998,AUTO,6.42,180,2019-03-09
LN_696446,9277,George Kaufman,410 Meredith Squares,New Richard,OH,95113-5968,(001) 480-4264,56280,HELOC,6.57,180,2011-11-15
LN_981709,6036,Deborah Henderson,725 Lewis Vista Apt. 737,East Dustinmouth,PA,19510-8563,(408) 745-2408,42573,MORTGAGE,7.37,180,2020-09-04
LN_749698,2987,Brian Z. Gonzales,0178 Erica Road Suite 147,North Shaun,PA,71439-8247,(001) 802-6797,65481,AUTO,4.95,60,2012-03-07
LN_216297,4859,Amy Brooks,7760 Tonya Ranch Apt. 824,West Traceyborough,OH,41776-8475,(248) 988-9921,73310,HELOC,6.03,36,2014-05-05
LN_382591,5461,Stephen Sanders,895 Harris Field,Henrychester,OH,45990-3642,(001) 770-5310,62069,MORTGAGE,6.19,180,2018-04-07
LN_146539,4279,Steven Coleman,949 Melissa Shoals Apt. 151,North Nancyside,OH,10780-4800,(883) .31-3.57,72041,PERSONAL,7.78,360,2025-04-03
LN_584185,4124,Amanda Henry,237 Greene Avenue,Lopezhaven,PA,43102-5011,(+15) 253-8545,51818,HELOC,7.08,36,2018-05-21
LN_630999,9499,James Booker,859 Jose Curve Apt. 903,Austinmouth,OH,89228-2394,(+18) 837-3150,28646,HELOC,7.63,72,2010-10-09
LN_920620,3001,Melissa F. Bruce,9959 Lang Loop,North Danielfort,OH,76015-2119,(964) .47-5.45,36879,MORTGAGE,5.5,48,2018-03-14
LN_194695,9990,Jessica Martinez,0762 Lynch Key Suite 302,Darleneborough,PA,07847-2232,(223) 598-4723,59069,AUTO,5.49,48,2018-09-12
LN_863661,8605,Jason Ochoa,8744 Williams Parks,Lake Tammie,WV,85449-3234,(+17) 088-6523,71872,AUTO,3.6,36,2024-04-05
LN_739679,7712,Allison K. Garcia,5019 Mitchell Circles,North Nicolemouth,PA,67499-5348,(556) 373-1370,34056,MORTGAGE,7.07,48,2025-07-31
LN_210741,4876,Patrick Fernandez,4878 Diane Inlet Suite 130,North Gregorystad,PA,34736-5356,(645) 633-4798,29348,AUTO,4.14,360,2021-01-30
LN_697001,9525,Gerald G. Allison,908 Bailey Pine,South Donald,OH,62993-2843,(931) .82-5.81,68708,PERSONAL,8.37,60,2022-07-23
LN_254006,3943,Elizabeth Carlson,57595 Jon Prairie Apt. 967,Lake Heiditown,WV,87506-6283,(800) .84-5.87,71042,MORTGAGE,3.61,180,2022-11-02
LN_467010,5414,Ralph Briggs,0862 Whitaker Tunnel,Natashabury,WV,26622-5570,(001) 866-8057,17791,MORTGAGE,4.86,36,2011-12-31
LN_756075,2211,Julie Hansen,5662 Linda Rue Suite 341,North Michaelmouth,WV,04177-1871,(642) .58-1.13,38069,PERSONAL,5.11,360,2011-11-14
LN_274350,7366,Taylor Valdez,31568 Clark Spring,East Kennethfurt,WV,39255-5402,(296) 539-4684,12828,HELOC,6.07,48,2017-09-27
LN_589690,9318,Christopher Horton,01118 Barnett Locks,Johnside,OH,42887-8183,(687) 555-2452,58043,PERSONAL,7.67,48,2017-06-01
LN_709534,6426,Justin Peters,2174 Murphy Shore,West Jessica,WV,63760-6775,(301) .98-9.15,40895,PERSONAL,4.42,36,2022-09-24
LN_762756,1425,Jennifer Mcdaniel,17078 David Station,Daisymouth,WV,59283-6905,(713) 704-9484,68241,HELOC,5.99,72,2013-08-16
LN_827692,8705,Kaitlin D. Burton,103 Adam Harbor,Lake Brettfort,WV,17702-6738,(810) .52-9.72,59092,HELOC,4.25,60,2022-01-13
LN_749170,1140,Jennifer Levy,17159 Jimmy Hill Suite 372,Christinatown,OH,99439-2996,(525) 699-6848,60534,PERSONAL,6.61,360,2020-11-28
LN_564959,2150,Renee Black,8836 Ricky Mall Apt. 636,Powersfort,PA,09213-2264,(775) .62-9.69,35366,PERSONAL,4.21,72,2011-11-30
LN_889905,1433,Derek E. Barnett,743 Gina Trail,East Davidton,WV,85577-5384,(494) .93-9.88,29068,HELOC,6.31,36,2022-05-23
LN_129667,8301,Elizabeth Smith,490 Jason Trail,Evansburgh,OH,57149-3559,(001) 824-7941,22098,HELOC,5.73,36,2023-04-20
LN_484692,8992,Eric Norris,309 Glenn Passage Suite 273,Christopherland,WV,39261-1725,(001) 561-2331,49360,MORTGAGE,7.05,360,2017-05-05
LN_584925,2168,Lori Rogers,057 Baker Burg Suite 324,Kathymouth,WV,19553-7953,(891) .81-1.10,33393,PERSONAL,6.77,72,2015-12-13
LN_493189,3536,Megan Dawson,49230 Ann Fork,Davidside,PA,63391-5678,(255) 503-9303,57785,AUTO,3.87,360,2021-08-18
LN_641471,9348,Christopher Farley,2035 Matthews Knolls,Greentown,PA,08843-6999,(001) 415-6426,60981,PERSONAL,7.57,60,2014-08-31
LN_993893,3314,Victoria Johnson,3531 Regina Ranch,Kelseybury,PA,29834-5326,(001) 479-8531,52844,MORTGAGE,5.24,60,2018-11-12
LN_178160,7243,Kathy Johnson,881 Harris Mountains,Pearsonstad,WV,67605-3820,(333) .56-4.77,59840,HELOC,7.67,60,2024-09-22
LN_542686,8665,Lisa Q. Johnson,021 Oliver Trail,Turnermouth,OH,01418-5166,(+18) 484-6016,49926,AUTO,8.05,180,2012-09-14
LN_191027,9548,Joshua Richardson,527 Gordon Fall Apt. 918,East Elijahfurt,OH,51593-4073,(242) 980-9702,24457,PERSONAL,5.45,60,2023-08-07
LN_487161,6513,Elizabeth Johnson,726 Hampton Shoal,Lake Jose,OH,04793-2407,(257) 581-3145,20960,MORTGAGE,5.17,72,2013-11-21
LN_970378,3626,Joe A. Cameron,29487 Castillo Crossing,East Angelicafurt,PA,77950-6050,(+13) 939-4517,53072,MORTGAGE,7.26,180,2022-06-30
LN_964543,1563,Kevin Mendez,650 Sarah Avenue,North Ericport,WV,49325-2197,(+17) 397-3132,38699,MORTGAGE,4.54,60,2020-02-03
LN_269656,9444,Janet Wyatt,758 Keith Highway,East Robertbury,WV,40583-2385,(474) .55-1.26,53947,MORTGAGE,4.64,60,2013-10-29
LN_923534,6241,Ashley Vargas,844 Kenneth Grove Apt. 230,West Benjamin,OH,19917-9396,(724) 303-3810,43002,MORTGAGE,5.83,60,2015-06-19
LN_874853,2793,Suzanne Rodriguez,29422 Elizabeth Points Suite 950,Port Cory,WV,99760-1812,(001) 315-9595,13675,MORTGAGE,5.96,72,2016-04-12
LN_460391,9147,Shannon Bradshaw,85721 Carpenter Manor Suite 630,East Chelsea,WV,66477-3436,(999) 360-5932,49611,HELOC,3.91,60,2018-04-07
LN_341795,6169,Justin Q. Dickerson,529 William Extension,Lake Charlesville,WV,36747-3913,(001) 877-3764,64328,PERSONAL,8.13,36,2023-03-08
LN_624714,5601,Christine X. Morgan,8593 Curtis Ranch,New Kristineborough,OH,75633-1530,(584) 456-7972,55993,HELOC,3.89,48,2018-04-17
LN_161226,2794,Joshua F. Harvey,131 Tucker Parkway,West Richardstad,OH,55247-5472,(270) 663-6219,18320,PERSONAL,4.98,360,2011-02-20
LN_889052,1974,Kristen B. Woodard,378 Daniel Cape,Stephenhaven,WV,86306-8008,(+13) 447-4453,7031,AUTO,6.95,72,2014-09-07
LN_443170,9579,Donna Lee,43535 Harmon Meadow Apt. 228,Stephenfurt,WV,51226-3127,(409) 874-9091,67588,AUTO,7.39,48,2016-02-16
LN_394448,3482,Melanie U. Jennings,7242 Marsh Flat Apt. 652,Waltershire,WV,29924-3868,(408) 293-1734,15481,AUTO,4.11,360,2012-10-31
LN_306478,8268,Trevor V. Dixon,89351 James Track Apt. 579,North Anna,WV,88559-6803,(466) .71-6.20,43703,HELOC,8.45,60,2011-06-19
LN_397706,9302,Donna George,41551 Charles Islands,Escobarmouth,WV,28123-7775,(833) 727-0289,11661,PERSONAL,8.09,360,2024-04-20
LN_894941,3277,Sandra Douglas,84842 Christina Radial,East Brent,OH,70105-7870,(230) .41-6.57,19767,AUTO,6.95,48,2020-05-09
LN_972165,7857,James Larson,7718 Todd Villages Apt. 076,North Ianport,PA,72201-7735,(685) 657-8002,38580,PERSONAL,4.97,72,2025-01-20
LN_663163,3033,Kevin Tran,415 Wells Way Apt. 131,East Brandifurt,PA,69375-8437,(990) .42-8.29,70710,PERSONAL,5.4,60,2022-02-23
LN_942589,3266,Anthony S. Welch,00171 Burch Knolls,Nortonborough,OH,17877-1132,(+18) 515-6621,44968,AUTO,3.8,180,2014-02-23
LN_691713,6535,Angela Sullivan,144 Michael Valley Apt. 969,East Kimberly,OH,44011-9327,(001) 579-7015,30787,MORTGAGE,7.79,60,2015-05-28
LN_718179,5365,Debra Kelly,833 Beck Locks,West Williamview,PA,73021-7505,(+16) 814-0798,53199,HELOC,6.48,72,2011-03-14
LN_974779,9363,Tamara Reynolds,3224 Matthew Green,Port Natalie,PA,83303-8766,(+19) 037-4030,28610,HELOC,5.09,180,2011-07-27
LN_295334,9877,Kenneth Murray,126 Jorge Square Apt. 631,Thompsonmouth,OH,44245-6141,(544) 239-0951,61636,PERSONAL,8.25,360,2021-04-05
LN_586550,4300,John Hall,7646 Kaiser Run,Brianchester,OH,98923-6300,(+15) 096-8383,44083,AUTO,6.64,48,2021-12-26
LN_840354,1213,Cathy Erickson,83006 Monica Trace,New Jasonburgh,WV,35661-9711,(216) 979-1776,32536,HELOC,4.4,180,2014-02-25
LN_360867,3383,Craig M. Henson,07066 Becker Park,Lake Pamelafurt,PA,28440-4487,(001) 531-9191,57744,AUTO,3.83,360,2020-11-15
LN_857765,2506,Jennifer S. Williams,8699 Cynthia Coves,North Colton,WV,92468-6833,(394) 460-2124,9639,HELOC,4.33,360,2011-05-15
LN_447941,8567,Heidi K. Camacho,53941 Hill Land Suite 189,West Amber,WV,69947-1492,(214) .50-0.35,51447,AUTO,5.68,36,2015-06-29
LN_138899,7412,David Delgado,65228 Hester Fords Suite 118,Castillofurt,WV,32027-1645,(914) 348-7774,39170,HELOC,5.97,60,2023-05-21
LN_216964,1848,Sharon S. Williams,947 Jones Station,Aliciaburgh,WV,68737-2714,(582) 568-8615,56685,PERSONAL,6.21,360,2018-07-21
LN_404235,8444,Crystal Williams,56993 Leah Drives Suite 692,Hoffmanshire,PA,35265-3509,(238) .87-9.30,62131,MORTGAGE,8.21,180,2017-03-06
LN_811736,8688,Nathan J. Henderson,026 Kristin Via,Haroldberg,OH,69427-1453,(+16) 472-4697,37281,HELOC,5.76,180,2020-11-18
LN_594108,3441,John X. Robles,80179 Olson Park,East Nancy,WV,23161-6839,(001) 695-4704,37650,MORTGAGE,5.25,72,2024-05-22
LN_580672,4392,Hector Lopez,611 William Parks Suite 296,South Jessica,OH,51894-7785,(001) 670-3409,7158,PERSONAL,3.99,180,2018-01-04
LN_989957,8453,Michele Duke,60422 Dustin Islands,Port Megan,OH,51973-3665,(929) .94-6.67,41119,AUTO,6.63,72,2020-07-22
LN_115874,6531,Shelby Aguilar,64076 Daisy Ranch Suite 301,Lake Brandon,OH,32605-9297,(001) 480-5138,25363,PERSONAL,6.65,360,2015-05-27
LN_997811,6608,Christine M. Hunter,9888 Powell Road Suite 818,South Jacob,OH,79125-8707,(636) 375-9164,17392,HELOC,5.21,360,2020-05-31
LN_169294,8692,Courtney Ruiz,89721 Hutchinson Canyon Suite 417,Richardsfort,OH,99913-7374,(338) 611-9953,33441,PERSONAL,7.88,360,2020-08-07
LN_777563,5554,Michelle Robinson,39818 Christina Row,North Joshua,OH,62963-5818,(804) .35-1.94,66198,AUTO,5.57,180,2012-04-18
LN_352022,6955,Rhonda Guerrero,17294 Christina Forge,Bellborough,WV,64314-4580,(684) 781-4196,43861,MORTGAGE,3.64,72,2025-04-23
LN_284150,9622,Michael Lewis,731 Donald Crossing Suite 565,East Joshua,PA,11543-7188,(589) .89-9.40,48917,MORTGAGE,6.91,48,2012-04-14
LN_878483,4877,Jack U. Ferguson,056 Shelton Mount Suite 192,Crosbyhaven,WV,16203-9984,(707) 496-2480,61996,AUTO,5.35,180,2015-07-06
LN_102771,1790,Rebecca Gomez,415 Vargas Ridges,Lake Brandonstad,PA,59338-8004,(776) 947-2298,11278,MORTGAGE,8.19,180,2021-06-07
LN_615957,2872,Charles Morton,80132 Tucker Forest,Barreraburgh,WV,50173-5345,(564) 674-6872,38810,PERSONAL,6.65,180,2011-07-05
LN_110823,5035,Kerri R. Kane,7960 Sheena Spurs,Jimenezland,PA,91899-1125,(460) .25-4.94,65708,HELOC,5.26,180,2023-02-08
LN_172284,9357,Danielle Juarez,60062 Gary Pike Suite 357,New Debbie,OH,42338-6585,(001) 945-6892,52291,AUTO,7.42,360,2019-12-08
LN_805755,1014,Steve Rose,9044 Reese Meadows Suite 332,New Melanie,PA,90912-6939,(248) 295-5877,52018,AUTO,4.99,60,2019-10-27
LN_813241,6444,Andrew T. Bradshaw,01101 Coleman Mall,Port Brendaborough,OH,74143-3588,(449) 581-2130,26842,MORTGAGE,7.77,360,2011-05-13
LN_908482,2945,Amanda A. Mendoza,56618 Lewis Field Suite 913,Grantmouth,OH,51261-2111,(253) 700-7309,62135,MORTGAGE,7.64,48,2018-05-27
LN_486256,1390,Jose Smith,891 Robin Rapid,Martinborough,OH,68860-6947,(001) 759-6340,57274,AUTO,7.23,360,2012-03-15
LN_812311,2760,David Meyers,2064 James Radial,Matthewport,OH,26121-5475,(649) .27-1.97,43917,PERSONAL,4.84,36,2023-01-06
LN_770469,5016,Ashley O. Williams,05140 Walton Locks Apt. 565,Lake Emily,WV,43927-5997,(981) 382-0967,13307,MORTGAGE,7.12,60,2022-09-16
LN_657024,6113,Randall A. Burgess,89964 Pham Route,West Sarah,PA,39582-9031,(001) 235-5486,71227,PERSONAL,5.05,72,2011-04-09
LN_619946,2922,Jennifer Walsh,3238 Brown Port,Mitchelltown,OH,56766-9458,(771) 681-0631,12713,HELOC,8.01,180,2017-05-06
LN_872210,9969,Leah H. Mosley,13900 Diaz Pines Apt. 752,West Brett,PA,64964-1093,(856) 583-3555,24638,AUTO,6.04,36,2018-12-11
LN_916537,1836,Mark Fitzgerald,169 Walker Fork,New Julie,WV,10105-1055,(480) .35-8.13,18171,PERSONAL,3.81,36,2021-12-14
LN_690571,8922,Jesus Hicks,029 Mark Land,Dawnbury,PA,30207-8778,(541) 865-1854,17009,AUTO,5.14,360,2015-02-04
LN_538149,9630,Stephanie C. Benson,23496 Michael Row,Port Vincent,PA,93044-7756,(527) 923-5264,55216,MORTGAGE,4.35,60,2013-01-07
LN_498234,4787,Michael Estrada,99149 Anderson Field,Barbarabury,OH,01490-5549,(696) 654-9705,31980,AUTO,6.7,360,2014-06-29
LN_414637,4622,Joe Black,981 Deborah Lake,New Codyfurt,OH,28192-6162,(492) .83-6.25,55844,HELOC,3.85,180,2023-07-16
LN_723809,9961,Becky R. Harrington,6271 Steven Road Apt. 446,Michaelside,WV,81042-4176,(001) 809-4066,64971,AUTO,4.84,36,2018-02-15
LN_328668,9777,Ashley Hernandez,858 Nguyen Ridge Apt. 844,New Morganside,PA,56582-5925,(647) 919-2705,10433,HELOC,5.56,60,2011-01-03
LN_818710,2266,Christina B. Gardner,6218 Henry Mountain Apt. 247,Pearsonside,PA,56024-3080,(407) .71-6.71,16924,HELOC,7.3,72,2013-06-24
LN_918392,2430,Abigail Walton,930 Wanda Estates,South Katherineside,OH,93944-9756,(707) .30-1.82,35916,HELOC,4.65,180,2013-07-09
LN_373444,6472,Joseph Huff,3537 Goodman Crescent,South Jessica,OH,54230-4379,(515) 488-1579,16373,MORTGAGE,7.07,60,2020-08-01
LN_731938,8407,Kevin J. Roy,333 Stein Courts,Robertfurt,OH,55458-4326,(001) 754-2132,69986,PERSONAL,3.97,360,2016-10-22
LN_936732,9500,Julie Collins,95867 Williams Run,West Alanborough,OH,36302-2870,(575) 441-8236,50986,MORTGAGE,5.32,72,2012-02-05
LN_335857,1619,Timothy M. Carroll,57824 Singh Club,Lake Wesleyberg,PA,33399-7462,(243) 878-6243,11736,PERSONAL,4.63,60,2012-04-22
LN_899816,6373,Morgan U. Bailey,7091 Logan Groves,Howardhaven,OH,34236-1226,(600) 704-0046,42628,AUTO,7.7,180,2015-01-12
LN_895648,1384,Laurie H. Hill,479 Jason Stream Apt. 792,East Leslietown,OH,02527-9269,(+17) 226-7982,72151,AUTO,5.73,72,2013-04-08
LN_172239,5084,Amanda U. Frey,0158 Miller Mount Suite 328,South Donnaport,WV,91711-8009,(915) 871-7320,38285,PERSONAL,3.57,60,2018-08-09
LN_377540,2332,Tammie Williams,7767 Ballard Shoals Apt. 224,Mendozamouth,OH,10929-3682,(001) 267-6557,57918,HELOC,6.17,60,2021-03-02
LN_664054,6548,Amanda C. Russo,456 Baker Mountains Suite 036,Mckaytown,WV,09203-7421,(732) 995-7378,34951,AUTO,7.89,72,2020-07-14
LN_783268,1729,Christina Ramirez,85691 Hale Stream,North John,WV,57449-4343,(479) 290-4210,11321,PERSONAL,8.38,36,2022-05-04
